date,low_temp,high_temp,ave_temp
2011/1/1,2.2,10.8,6.6
2011/1/2,4.1,11,7
2011/1/3,3.1,9.2,5.9
2011/1/4,3.3,9.8,6.3
2011/1/5,2.8,11,7.3
2011/1/6,3.1,10.8,6.5
2011/1/7,1.8,7.3,4
2011/1/8,1,10,5.9
2011/1/9,0.6,12.2,6.1
2011/1/10,1.4,6.1,3.4
2011/1/11,0.5,6.4,3.8
2011/1/12,1.9,9.5,5.1
2011/1/13,2.4,7.7,4.4
2011/1/14,0,7.3,3.8
2011/1/15,0.2,7.4,4
2011/1/16,-1.1,5.9,2.2
2011/1/17,-0.2,11,5
2011/1/18,0.1,10.6,5.5
2011/1/19,1.7,10.6,6.3
2011/1/20,2.2,10.1,5.4
2011/1/21,2.3,8.5,5
2011/1/22,2.6,10.4,6
2011/1/23,2.4,9.4,5.7
2011/1/24,2.5,8.2,5.1
2011/1/25,2.9,10.2,5.9
2011/1/26,1.4,9.7,5.3
2011/1/27,0.9,10.5,5.5
2011/1/28,0.4,8,3.7
2011/1/29,1.4,7.6,4.2
2011/1/30,0.6,6.1,2.9
2011/1/31,-1,7.4,2.9
2011/2/1,-0.8,12.7,5.9
2011/2/2,2.4,9,5.8
2011/2/3,2,11.9,7.4
2011/2/4,3.8,13.8,8.8
2011/2/5,3.8,11.4,8.1
2011/2/6,5.5,12.2,8.3
2011/2/7,4.5,13.8,8.2
2011/2/8,3.5,7.8,5.8
2011/2/9,1.2,9.1,5
2011/2/10,4.1,9.6,6.5
2011/2/11,0.8,5.5,2
2011/2/12,0.8,3.9,2.1
2011/2/13,-0.2,8.7,4.7
2011/2/14,0.3,6.6,3.3
2011/2/15,0.7,10.3,5.3
2011/2/16,1.6,12.2,6.8
2011/2/17,5.6,14.6,10
2011/2/18,5.3,14.5,9.1
2011/2/19,3.7,8.7,6.1
2011/2/20,5,9.1,7
2011/2/21,4.6,9.9,7.1
2011/2/22,3.1,11.2,6.5
2011/2/23,3.9,13,8.4
2011/2/24,8,14.2,11.4
2011/2/25,6.8,20.8,14.1
2011/2/26,3.8,10.8,7.2
2011/2/27,4.1,18.7,10.4
2011/2/28,2.2,9.5,4.9
2011/3/1,4.4,7.8,5.8
2011/3/2,2.6,10.3,6.8
2011/3/3,1.8,8.1,4.4
2011/3/4,1.9,8.3,4.6
2011/3/5,1.6,11.5,7.4
2011/3/6,2.9,15,9.3
2011/3/7,1,9.3,4.5
2011/3/8,2.6,10,6.9
2011/3/9,3.7,12,7.4
2011/3/10,2.7,10,6.2
2011/3/11,2.9,11.3,6.5
2011/3/12,2.3,12.9,8.2
2011/3/13,5.2,15.9,11.3
2011/3/14,6.7,20.2,14.1
2011/3/15,9.2,14,10.9
2011/3/16,3.5,13,7.5
2011/3/17,1.8,8.9,4.6
2011/3/18,1.2,10.1,6.1
2011/3/19,6.7,18.2,12.3
2011/3/20,9.4,17,13.7
2011/3/21,7.3,13.4,9.6
2011/3/22,5.7,7.6,6.9
2011/3/23,2.7,10,6.4
2011/3/24,2.9,8.1,5.4
2011/3/25,3.5,13.4,8.1
2011/3/26,4.3,11.6,7.4
2011/3/27,2.9,12,7.4
2011/3/28,4.4,12.7,8.6
2011/3/29,5.2,15.3,10.9
2011/3/30,6.7,16.5,11.6
2011/3/31,5.8,15.5,9.7
2011/4/1,6.6,15.7,11.2
2011/4/2,9.1,18.4,13.4
2011/4/3,6.9,9.9,7.9
2011/4/4,5.9,13.9,9
2011/4/5,4.3,15.4,10.1
2011/4/6,7.7,19.1,13.7
2011/4/7,10.3,20.6,15.7
2011/4/8,15.5,18.7,17.2
2011/4/9,12.3,18,16.1
2011/4/10,10.3,17.7,13.7
2011/4/11,8.6,19.3,13.7
2011/4/12,7.6,15.7,11.4
2011/4/13,7.1,20.5,14.3
2011/4/14,11.1,22.1,16.7
2011/4/15,13.7,22.5,18.4
2011/4/16,12.9,24.6,18.6
2011/4/17,9.6,17.6,13.6
2011/4/18,12.5,17.4,14.9
2011/4/19,7.3,18.1,10.8
2011/4/20,6.5,16.7,10.9
2011/4/21,8.8,16.2,12.4
2011/4/22,11.4,18.8,15.5
2011/4/23,14.8,17.9,16.5
2011/4/24,11.4,20,16.1
2011/4/25,10.9,20.1,15
2011/4/26,11.3,21,16.2
2011/4/27,14.9,24.4,20.1
2011/4/28,14.3,24.8,19.8
2011/4/29,12,19.1,15.1
2011/4/30,12.3,22.2,17.6
2011/5/1,15.4,21.1,18.4
2011/5/2,14.4,24.2,19.6
2011/5/3,13.5,18.2,15.8
2011/5/4,13.3,21.7,17.3
2011/5/5,13,17.2,15.1
2011/5/6,12.4,19.6,16
2011/5/7,15.4,18.4,17
2011/5/8,14.5,25.9,20.6
2011/5/9,14.8,23.8,19.7
2011/5/10,18.4,27.2,22.8
2011/5/11,13.9,18.5,15.2
2011/5/12,13.9,16.8,15.6
2011/5/13,16.1,24.4,19.8
2011/5/14,14.3,25.1,20.1
2011/5/15,13.9,25.6,20.5
2011/5/16,16.9,23.5,20.3
2011/5/17,15.3,21.7,18.2
2011/5/18,15.2,23.7,19.4
2011/5/19,15.4,25.7,20.9
2011/5/20,18.2,26.7,22
2011/5/21,19.3,27.6,22.8
2011/5/22,15.2,29.6,20.8
2011/5/23,12.8,18.3,15.6
2011/5/24,12.2,18.1,14.6
2011/5/25,12.9,23.8,18.7
2011/5/26,16.1,22.3,19.3
2011/5/27,17.1,20.6,18.8
2011/5/28,17.1,19.7,18.4
2011/5/29,16.2,19.1,18
2011/5/30,16.1,21.7,17.4
2011/5/31,12.2,18.7,15.2
2011/6/1,12.1,18.5,15.2
2011/6/2,14.3,17.4,16
2011/6/3,15.2,24,19.8
2011/6/4,18.8,26.3,22.1
2011/6/5,18.3,25.7,22.2
2011/6/6,17.4,28.6,22.9
2011/6/7,20.2,24,21.6
2011/6/8,17.4,22.7,19.7
2011/6/9,18.3,25.6,21.8
2011/6/10,20.6,24.9,22.8
2011/6/11,20.9,25.1,22.2
2011/6/12,20.8,26.2,23.2
2011/6/13,18.2,23.5,20.9
2011/6/14,19.7,24.6,21.7
2011/6/15,19.6,23.5,21.3
2011/6/16,18.4,23.7,21.1
2011/6/17,17.7,21,19.2
2011/6/18,18.8,22.2,20.3
2011/6/19,19.4,24.5,21.8
2011/6/20,21.5,26.5,23.9
2011/6/21,23,29.8,25.5
2011/6/22,21.8,31.9,27.2
2011/6/23,25.7,32.2,28.2
2011/6/24,26.1,32.7,29.1
2011/6/25,20.4,27.9,24.3
2011/6/26,19.8,22.7,21.3
2011/6/27,20.4,23.8,22.3
2011/6/28,22.7,31.9,27.3
2011/6/29,25.3,35.1,29.8
2011/6/30,25.2,33.6,28.7
2011/7/1,24.8,33.9,28.7
2011/7/2,24.4,28.9,26.5
2011/7/3,24.1,31.1,27.6
2011/7/4,26.9,34.3,29.6
2011/7/5,24.3,32.3,28
2011/7/6,25.4,32.5,28
2011/7/7,23.6,29.7,26.8
2011/7/8,26.5,31.4,28.6
2011/7/9,27.3,32.5,29.4
2011/7/10,26.4,33.6,29.3
2011/7/11,26.1,33.8,29.2
2011/7/12,26.2,32.3,28.7
2011/7/13,26.4,32.7,28.6
2011/7/14,25.9,33.4,28.9
2011/7/15,25.9,33.7,29.4
2011/7/16,26.4,33.3,29
2011/7/17,26.1,34.1,29.6
2011/7/18,27.4,34.8,30.1
2011/7/19,26.5,28.7,27.9
2011/7/20,21.1,28.7,25.9
2011/7/21,18.2,23.6,20.7
2011/7/22,18,24.2,21
2011/7/23,18.9,27.5,23.1
2011/7/24,22.7,30.3,26
2011/7/25,25.1,31.5,27.6
2011/7/26,25.4,30.4,27.5
2011/7/27,25.5,31.8,28.3
2011/7/28,24.1,29.6,26.4
2011/7/29,25,29.4,26.5
2011/7/30,23.1,29.7,25.7
2011/7/31,22.2,25.1,23.5
2011/8/1,22.1,27.3,24.5
2011/8/2,22,29.1,25.5
2011/8/3,24.4,29.3,26.1
2011/8/4,24.3,31.1,27.4
2011/8/5,25.1,31.2,27.8
2011/8/6,26,32.3,29
2011/8/7,26,34.5,28.9
2011/8/8,25.5,33.2,29.3
2011/8/9,27.4,33.9,30.2
2011/8/10,27.4,34.6,30.5
2011/8/11,28.2,35.2,31
2011/8/12,28.1,35.1,31.2
2011/8/13,27.2,34.5,30
2011/8/14,27.7,33.6,30
2011/8/15,27.4,33.2,30.3
2011/8/16,27.4,33.6,30.3
2011/8/17,27.5,33.8,30.7
2011/8/18,28.7,36.1,31.9
2011/8/19,22,30.9,25.3
2011/8/20,22.3,25.8,23.7
2011/8/21,19.3,23.5,20.6
2011/8/22,19.5,22.9,21.2
2011/8/23,21.4,30.9,25.9
2011/8/24,25.6,32,28.1
2011/8/25,25.1,29.3,27.2
2011/8/26,22.9,31.9,26.2
2011/8/27,21.9,27.5,24.3
2011/8/28,22.1,29.8,25.6
2011/8/29,23.1,29.8,26
2011/8/30,22.7,31.7,26.3
2011/8/31,21.6,30.4,26.4
2011/9/1,26,31.9,28.5
2011/9/2,24.9,31.9,28.5
2011/9/3,24.3,30.4,28
2011/9/4,25.6,29.4,27.2
2011/9/5,24.5,29,26.5
2011/9/6,21.8,29.3,24.5
2011/9/7,20.3,29.4,24.9
2011/9/8,21.8,29.7,25.7
2011/9/9,24.1,31.4,27.8
2011/9/10,25.6,32.3,28.4
2011/9/11,25.8,30.9,27.7
2011/9/12,25.7,32.5,28.3
2011/9/13,25.6,32.3,28.3
2011/9/14,25.2,32.3,28.3
2011/9/15,25.7,32.4,28.3
2011/9/16,25,31.7,28.2
2011/9/17,25.5,31.4,28
2011/9/18,26.2,31.7,28.5
2011/9/19,19.5,31.1,25.7
2011/9/20,18.7,21.5,19.9
2011/9/21,17.3,26.3,22.2
2011/9/22,18.5,29.5,23.4
2011/9/23,19,22.5,20.3
2011/9/24,15.9,24.8,20.5
2011/9/25,17.5,23.5,20.2
2011/9/26,17.5,20.2,18.9
2011/9/27,18.1,23.7,20.2
2011/9/28,16.7,24.3,20.5
2011/9/29,17.8,25.7,21.9
2011/9/30,19.3,29.6,24.6
2011/10/1,19.6,25.1,22.2
2011/10/2,17.4,20.1,18.5
2011/10/3,15.9,22.9,18.8
2011/10/4,14.9,22.2,18.5
2011/10/5,14.4,19,15.9
2011/10/6,15.9,25.5,20.4
2011/10/7,17.9,25.6,21.1
2011/10/8,16.5,23.2,19.7
2011/10/9,17,22.8,20.1
2011/10/10,17.5,24.3,20.4
2011/10/11,18.1,25.2,21.2
2011/10/12,17.5,23.4,20.5
2011/10/13,16.9,23.7,20.5
2011/10/14,17.4,25.4,21.2
2011/10/15,21.6,26.9,24.3
2011/10/16,20.6,29.7,24.8
2011/10/17,18.5,24.6,21.5
2011/10/18,16.5,21.1,19.1
2011/10/19,14.9,17.5,15.9
2011/10/20,14,20.8,17.7
2011/10/21,16.5,21.2,18.3
2011/10/22,16.3,23,19.5
2011/10/23,20.4,25.9,22.7
2011/10/24,19.4,22.7,20.7
2011/10/25,18.4,26.9,21.8
2011/10/26,13.4,20.3,16.7
2011/10/27,11.7,19.3,15.2
2011/10/28,11.2,19.9,15.5
2011/10/29,11.6,20.9,16
2011/10/30,14.4,19.6,16.9
2011/10/31,15.3,23.4,18.7
2011/11/1,14.3,21.4,17.7
2011/11/2,12.9,21,17.2
2011/11/3,15.6,21.3,18.4
2011/11/4,14.8,22,18.4
2011/11/5,15.2,22.2,18.9
2011/11/6,17.2,19.5,18.1
2011/11/7,15.9,22.7,18.6
2011/11/8,13.9,17.8,15.7
2011/11/9,11.7,16.6,14.3
2011/11/10,11.9,16.2,14.1
2011/11/11,11.2,14.4,12.4
2011/11/12,12.9,20.4,16.4
2011/11/13,13.6,21.7,17.8
2011/11/14,13.2,20.7,16.9
2011/11/15,11.8,16.4,14
2011/11/16,9.7,15.8,12.6
2011/11/17,9.5,19.7,14.5
2011/11/18,10.5,14.3,12.6
2011/11/19,12.1,22,16.3
2011/11/20,13.5,22.1,17.4
2011/11/21,9.3,16.5,12.6
2011/11/22,7.2,14.7,11.1
2011/11/23,8.6,15.6,12.4
2011/11/24,9.5,18.6,13.3
2011/11/25,8.1,15.7,11.4
2011/11/26,7.4,13.7,10.9
2011/11/27,7.2,14.9,11
2011/11/28,8.8,14.7,12.1
2011/11/29,11.7,17.7,14.4
2011/11/30,11.2,19.4,14.6
2011/12/1,5.5,11.6,7.8
2011/12/2,4.2,7.4,6.1
2011/12/3,6.7,18.9,11.1
2011/12/4,10.3,16.3,13.4
2011/12/5,8.3,16.3,11
2011/12/6,6.5,9.8,8
2011/12/7,6.7,13,9.8
2011/12/8,6.5,9.3,8
2011/12/9,2.7,7.4,5.5
2011/12/10,2.4,11.4,7.3
2011/12/11,2.6,14,8.1
2011/12/12,4.6,15,9.7
2011/12/13,6.4,13.5,9.7
2011/12/14,5.2,9.9,7.9
2011/12/15,5.2,16.5,10.4
2011/12/16,4.1,12.8,9
2011/12/17,2.8,10.4,6.1
2011/12/18,2,11.9,7
2011/12/19,3.4,9.5,6.5
2011/12/20,4,11.1,7
2011/12/21,2.9,8.5,5.8
2011/12/22,3.9,8,5.8
2011/12/23,3.8,8.2,6
2011/12/24,2.9,8.8,5.5
2011/12/25,2.1,8.7,5.2
2011/12/26,1.5,9.1,4.9
2011/12/27,1.8,9.2,5.2
2011/12/28,3.9,9.3,6.2
2011/12/29,2.1,10,6
2011/12/30,3.9,9.7,6.2
2011/12/31,1.8,10,5.6
2012/1/1,2.9,9.2,5.7
2012/1/2,3,10.9,6
2012/1/3,3.8,10.4,6.6
2012/1/4,2,9.4,5.4
2012/1/5,1.9,9.7,5.5
2012/1/6,2.9,9.8,6.3
2012/1/7,3.1,9.1,5.7
2012/1/8,2.6,9.6,5.8
2012/1/9,2.8,9.4,5.9
2012/1/10,2.5,9.8,6.7
2012/1/11,2.1,11.1,5.8
2012/1/12,0.7,7.2,3.8
2012/1/13,0,11,5.6
2012/1/14,2.5,8.9,5.1
2012/1/15,2.3,6.5,4.5
2012/1/16,3,5.6,4.5
2012/1/17,2.7,7.9,4.9
2012/1/18,1.5,9.1,5.4
2012/1/19,2.5,10.2,6.2
2012/1/20,1.9,5.7,2.8
2012/1/21,2.7,3.7,3.4
2012/1/22,3.2,8,5.3
2012/1/23,0.6,8.2,5
2012/1/24,0.8,5,3
2012/1/25,-0.1,9.3,4.1
2012/1/26,0.5,6.4,3.2
2012/1/27,-1,8,3.2
2012/1/28,-0.1,6.1,2.6
2012/1/29,1,6.8,2.9
2012/1/30,1.2,6.4,3.7
2012/1/31,0.2,8.1,4.1
2012/2/1,0.1,12.4,6
2012/2/2,0.7,6,2.6
2012/2/3,-1,6.7,2.8
2012/2/4,-1,10.8,5.5
2012/2/5,2.6,9,6.1
2012/2/6,3.8,5.9,4.9
2012/2/7,5,10,7.7
2012/2/8,3.8,9.9,6.6
2012/2/9,0.4,8.1,4.7
2012/2/10,2.1,9.4,5.7
2012/2/11,1.1,9.1,5.4
2012/2/12,1.2,9.5,5
2012/2/13,1.8,9.2,5.8
2012/2/14,3.7,6.9,5.2
2012/2/15,4.9,12.7,7.6
2012/2/16,1.7,5.6,3.3
2012/2/17,1.1,8.8,3.7
2012/2/18,0,6.4,2.5
2012/2/19,-0.6,7.6,3.3
2012/2/20,0.7,10.4,5.8
2012/2/21,2.9,12.6,8.1
2012/2/22,5.8,9.8,7.9
2012/2/23,5.1,11.5,7.8
2012/2/24,8.3,15.4,11.5
2012/2/25,3.6,10.2,5.8
2012/2/26,4,9.2,6
2012/2/27,1.9,9.2,4.7
2012/2/28,0.3,6.9,3.7
2012/2/29,0.7,5.4,2.3
2012/3/1,3.3,12.4,8.2
2012/3/2,4,10.4,7.3
2012/3/3,3.8,11.6,7.1
2012/3/4,3.5,6.6,5.5
2012/3/5,2.5,10.1,5.7
2012/3/6,8,15.1,11.4
2012/3/7,11,15.7,12.6
2012/3/8,7.9,11.1,9.6
2012/3/9,5.3,9.7,7.3
2012/3/10,2,7.6,5.3
2012/3/11,4.1,11.1,7.4
2012/3/12,2.9,12.6,7.2
2012/3/13,3.4,10.7,6.8
2012/3/14,3.2,10.4,7.2
2012/3/15,3.6,13.6,7.9
2012/3/16,3.3,11.1,7.7
2012/3/17,4.6,10.3,6.8
2012/3/18,6.5,11.8,9.6
2012/3/19,6.4,12.2,9.1
2012/3/20,4.2,12.1,8.2
2012/3/21,4.9,11.6,8.1
2012/3/22,4.2,14.8,10.1
2012/3/23,7.8,12.2,9.9
2012/3/24,5.9,11.6,8.4
2012/3/25,5.1,13.8,9.1
2012/3/26,4.6,12.1,8.2
2012/3/27,4.4,14,9.6
2012/3/28,5.9,17.1,11.2
2012/3/29,7,16.3,11.7
2012/3/30,11.6,19.4,15.3
2012/3/31,8.4,18.9,14.1
2012/4/1,5.8,14.7,10
2012/4/2,6.6,14.9,10.8
2012/4/3,9.7,17.7,14
2012/4/4,8.9,15.2,11.9
2012/4/5,10.2,20.8,14.8
2012/4/6,8,16,10.7
2012/4/7,5.1,13.8,8.8
2012/4/8,5.1,13.5,9.5
2012/4/9,8,23.8,16.6
2012/4/10,13.1,19.2,16.4
2012/4/11,12.8,18.3,15.7
2012/4/12,11.3,23,17.4
2012/4/13,12.7,23,17.2
2012/4/14,8.8,12.8,9.9
2012/4/15,8.7,16.3,11.8
2012/4/16,8.6,16.6,13.1
2012/4/17,12,19.1,14.9
2012/4/18,11.2,19.9,15
2012/4/19,11.8,17.6,14.2
2012/4/20,11.4,16.7,13.3
2012/4/21,10.1,14.6,11.8
2012/4/22,9.3,13.1,11.3
2012/4/23,10.5,15.7,13.4
2012/4/24,14.1,24.3,18.3
2012/4/25,15.6,22.6,18.4
2012/4/26,16.5,21.3,18.3
2012/4/27,15.7,17.6,16.6
2012/4/28,15.6,23.2,18.3
2012/4/29,14.9,26,20.6
2012/4/30,19,23.3,20.7
2012/5/1,19,22.8,20.5
2012/5/2,16.9,20.9,18.8
2012/5/3,16.7,19.2,17.9
2012/5/4,17.1,21.9,18.6
2012/5/5,16,26.2,21.2
2012/5/6,16,26.2,19.7
2012/5/7,14,22.2,18.5
2012/5/8,15.8,25,20.5
2012/5/9,15.7,22.4,19.3
2012/5/10,14.3,23.3,17.1
2012/5/11,13.8,21.9,17.4
2012/5/12,12.8,21,16.3
2012/5/13,11.9,22.3,17
2012/5/14,14.9,24.6,19.7
2012/5/15,17.2,20.6,18.7
2012/5/16,16.8,27.2,22
2012/5/17,18.2,26.9,21.6
2012/5/18,15.2,23.4,18.8
2012/5/19,14.7,25.2,20.3
2012/5/20,18.6,24.8,21.3
2012/5/21,16.5,23.9,20.2
2012/5/22,13.1,16.6,14.6
2012/5/23,13.3,25,18.7
2012/5/24,17.6,27.1,22
2012/5/25,18.3,22.1,20.4
2012/5/26,17.4,25,21
2012/5/27,19.3,27,22.5
2012/5/28,17.6,25,21.4
2012/5/29,16.9,25,20.7
2012/5/30,16.5,24,20.1
2012/5/31,17.2,24,20.3
2012/6/1,19.3,25.9,21.3
2012/6/2,18,25.9,21.6
2012/6/3,17,24.2,20.3
2012/6/4,17.7,26.5,22.1
2012/6/5,20.5,23.5,21.7
2012/6/6,17.3,21.5,19.4
2012/6/7,17.1,24.7,21.1
2012/6/8,19.5,27.8,23.5
2012/6/9,18,21.8,19
2012/6/10,18.2,27.9,21.9
2012/6/11,17.5,23.3,20
2012/6/12,15.8,18.7,16.9
2012/6/13,15.2,21,17.4
2012/6/14,15.7,23.6,18.6
2012/6/15,16,24.8,20.3
2012/6/16,19.3,21.5,20.2
2012/6/17,19.7,27.8,23.3
2012/6/18,22.2,27.6,24.5
2012/6/19,22.6,27.2,23.9
2012/6/20,22.4,30.2,26.9
2012/6/21,21.5,26.5,23.7
2012/6/22,18.2,23.1,21.1
2012/6/23,20.6,24.9,22.2
2012/6/24,19.6,26.1,22.6
2012/6/25,17.1,20,18.4
2012/6/26,15.8,23.6,19.5
2012/6/27,15.9,25.1,20.6
2012/6/28,19.4,25.3,22.5
2012/6/29,20.9,27.2,23.4
2012/6/30,20.4,27.5,23.3
2012/7/1,19.7,24.7,21.9
2012/7/2,19.3,27,22.8
2012/7/3,21.7,27.7,23.5
2012/7/4,21.1,29,24.8
2012/7/5,24.2,29.4,26.7
2012/7/6,22.8,28.8,25.3
2012/7/7,20.8,25.1,23
2012/7/8,19.9,26.6,22.6
2012/7/9,20.4,28.9,24.9
2012/7/10,23.4,31,26.5
2012/7/11,23.5,30.9,27
2012/7/12,25.6,27.4,26.7
2012/7/13,24.7,31,27.4
2012/7/14,24.7,33,28.6
2012/7/15,26.9,32.7,29.1
2012/7/16,27,33,29.5
2012/7/17,27,34.4,29.9
2012/7/18,25.7,32.1,28.5
2012/7/19,21.9,35.1,28.2
2012/7/20,18.2,22.2,20.5
2012/7/21,17.4,21.9,19.6
2012/7/22,18.8,23.3,20.8
2012/7/23,21,29,25.1
2012/7/24,23.8,31.8,27.8
2012/7/25,25.4,33.2,29.5
2012/7/26,26.8,35.4,30.8
2012/7/27,27.1,34.2,30
2012/7/28,27.5,33.3,30.1
2012/7/29,27.3,33.1,29.5
2012/7/30,27.3,33.3,29.6
2012/7/31,26.5,33.9,29
2012/8/1,27.1,33.1,29.4
2012/8/2,27.2,34.7,30.2
2012/8/3,27.3,34,29.8
2012/8/4,26.1,31.8,28.6
2012/8/5,26.6,34.2,29.8
2012/8/6,25.3,29.4,27.4
2012/8/7,25.5,32.4,28.7
2012/8/8,23.4,29.6,25.8
2012/8/9,22.9,30.2,25.9
2012/8/10,23.8,31.2,27.1
2012/8/11,27.2,31.6,28.8
2012/8/12,25.2,30.9,27.6
2012/8/13,26.3,34.5,29.8
2012/8/14,26.4,30.6,28.6
2012/8/15,25.9,33.4,29.1
2012/8/16,27.5,34.5,30.1
2012/8/17,27.5,35.7,30.5
2012/8/18,25.5,30.8,28
2012/8/19,26.4,33.1,29
2012/8/20,25,33,29.1
2012/8/21,26.5,34,29.7
2012/8/22,27,33.5,29.6
2012/8/23,26.8,34.2,30.1
2012/8/24,27,35.2,30
2012/8/25,27,34.4,29.9
2012/8/26,26.8,34.8,30.1
2012/8/27,27,35,30
2012/8/28,27.3,33.8,29.6
2012/8/29,26.7,32.5,29.1
2012/8/30,26.9,35.6,30.2
2012/8/31,27.6,33.8,29.6
2012/9/1,24.3,31.4,27.9
2012/9/2,23.7,28.6,25.8
2012/9/3,24.2,30.6,26.9
2012/9/4,24.1,31.4,27.3
2012/9/5,24.6,33.2,28.6
2012/9/6,23.7,32.9,27.3
2012/9/7,23.8,31.4,27.6
2012/9/8,25.8,32.5,28.1
2012/9/9,26.2,32.8,28.8
2012/9/10,26.3,33.1,28.9
2012/9/11,25.6,33.5,28.7
2012/9/12,24.4,32.9,28.1
2012/9/13,25.3,33.8,28.8
2012/9/14,26.4,32.1,28.8
2012/9/15,26.2,32.3,28.3
2012/9/16,26.1,31.7,28.3
2012/9/17,25.1,30.7,27.9
2012/9/18,24.8,31.8,28
2012/9/19,23.6,29.1,26.7
2012/9/20,24.8,31,27.6
2012/9/21,23.1,26.9,24.7
2012/9/22,20,25.2,22.3
2012/9/23,18.5,22.5,20.3
2012/9/24,19,28.1,23.2
2012/9/25,18,22.4,20.4
2012/9/26,18.7,25.5,21.8
2012/9/27,18.4,24.8,21.2
2012/9/28,19.6,25.1,22.3
2012/9/29,21.8,28.1,24.9
2012/9/30,22.3,29.5,25.7
2012/10/1,24.7,31,26.9
2012/10/2,21.8,26.5,23.7
2012/10/3,18.4,22.7,20.7
2012/10/4,18.3,27.3,22.5
2012/10/5,20.1,28.1,23.8
2012/10/6,20.7,27.9,24
2012/10/7,17.1,20.9,19.1
2012/10/8,17.7,23.1,19.8
2012/10/9,16.6,22.6,19.1
2012/10/10,15.6,23,19.2
2012/10/11,17.6,25,20.8
2012/10/12,16.9,24.7,20.9
2012/10/13,17.3,24.6,20.7
2012/10/14,16.2,19.5,17.9
2012/10/15,16.9,25.7,21
2012/10/16,15.9,22.5,19.1
2012/10/17,14.7,23.4,17.7
2012/10/18,13.9,20.6,17.8
2012/10/19,12.5,20.1,16.3
2012/10/20,13.9,21.5,18.1
2012/10/21,13.6,25.5,19.1
2012/10/22,15.4,23.3,19.8
2012/10/23,15.1,25.2,20.5
2012/10/24,14.1,20.8,17.2
2012/10/25,14.1,19.3,16.6
2012/10/26,13.4,22.5,18.3
2012/10/27,15.9,20.8,18
2012/10/28,14.4,16.4,15.4
2012/10/29,14.4,22.7,17.7
2012/10/30,11.8,17.9,15.5
2012/10/31,12,18.7,14.9
2012/11/1,10.6,21.5,15.3
2012/11/2,12.4,19.1,14.9
2012/11/3,11.6,18,14
2012/11/4,11.6,19.2,14.9
2012/11/5,10.7,16,13.5
2012/11/6,12.6,16.1,14
2012/11/7,12.9,20.3,16.5
2012/11/8,10.4,20.5,15.6
2012/11/9,14.4,20.6,16.5
2012/11/10,12.9,20.1,15.7
2012/11/11,11.5,15.1,13.2
2012/11/12,12.1,19,15.3
2012/11/13,12.3,18,14.9
2012/11/14,10.1,19.2,13.6
2012/11/15,8,16.3,11.7
2012/11/16,9.1,17.2,13.3
2012/11/17,10.1,17.2,13.7
2012/11/18,9.8,17.1,12.7
2012/11/19,6.6,9.9,8.6
2012/11/20,5.7,17.9,11.8
2012/11/21,8.9,15,11.4
2012/11/22,7.9,14.3,10.9
2012/11/23,7.9,13.3,10.3
2012/11/24,8.3,12.8,10.5
2012/11/25,6.1,12.4,9.4
2012/11/26,6.6,13.2,8.8
2012/11/27,7.2,13.7,11
2012/11/28,5.7,8.5,7.2
2012/11/29,4.4,16,10.1
2012/11/30,9.4,12.4,10.5
2012/12/1,5.1,10.4,7.3
2012/12/2,3.3,8.6,5.6
2012/12/3,3.4,9.2,6.7
2012/12/4,7.8,13.5,9.9
2012/12/5,4.7,13.7,9.8
2012/12/6,7.6,18.4,11.9
2012/12/7,5.6,12.8,8.4
2012/12/8,4.2,17,9.3
2012/12/9,2.8,10.8,6.6
2012/12/10,1.2,10.4,5.4
2012/12/11,1.5,12,6.7
2012/12/12,4,11.2,7.2
2012/12/13,2.7,11.9,7.1
2012/12/14,2.7,12,7.3
2012/12/15,5.5,9.1,7.2
2012/12/16,5.8,18.2,12
2012/12/17,6.2,9.5,7.9
2012/12/18,7.2,15.6,10.4
2012/12/19,4,9,6.1
2012/12/20,3,10.3,6.6
2012/12/21,2.3,9.8,6.8
2012/12/22,3.3,11.4,6.8
2012/12/23,4.3,10,7.1
2012/12/24,3.2,8.3,5.1
2012/12/25,0.1,9.7,4.5
2012/12/26,1.3,7.5,4.4
2012/12/27,0.8,7.4,3.9
2012/12/28,0.5,7.4,4.2
2012/12/29,3.6,11.5,7.5
2012/12/30,6,8.7,7.2
2012/12/31,4.6,11.3,8.8
2013/1/1,3,9.6,6.5
2013/1/2,4.2,14.4,10
2013/1/3,1.8,9.9,5.6
2013/1/4,1,6.9,3.2
2013/1/5,0.2,4.8,2.8
2013/1/6,-1.4,10.3,4.7
2013/1/7,2.1,8.9,5.5
2013/1/8,2.6,11.4,6.6
2013/1/9,4.4,9.4,6.7
2013/1/10,2.9,9.1,5.5
2013/1/11,2.6,8.9,5.1
2013/1/12,1.2,8.8,4.6
2013/1/13,1.1,13.5,7.6
2013/1/14,0.7,10,3.5
2013/1/15,0.8,7.2,4.4
2013/1/16,1.8,6,3.6
2013/1/17,-0.2,8.3,4.3
2013/1/18,0.3,6.2,3.3
2013/1/19,-0.3,9.8,5.2
2013/1/20,1.8,10.4,6.1
2013/1/21,2.7,9.4,6.5
2013/1/22,3.5,9.3,6.2
2013/1/23,3.9,9.5,6.5
2013/1/24,2.5,9.8,6
2013/1/25,2.8,13.4,6.8
2013/1/26,0.9,7.4,3.8
2013/1/27,0.8,9.4,4.8
2013/1/28,1.4,10.5,5.4
2013/1/29,2.1,12.4,7.1
2013/1/30,3.9,13.6,8.1
2013/1/31,2.1,9.6,5.8
2013/2/1,2.3,12.6,7.9
2013/2/2,12,20.9,15.6
2013/2/3,6.7,13.2,9.9
2013/2/4,6.3,14.8,10.1
2013/2/5,6.1,12.4,9.5
2013/2/6,1.6,9,3.4
2013/2/7,3.2,12.7,7.1
2013/2/8,1.9,7.1,4.7
2013/2/9,1.4,8.4,4.4
2013/2/10,1.3,10.4,5.4
2013/2/11,2.2,9.3,5
2013/2/12,0.9,6.9,4.1
2013/2/13,1.1,12.3,6.7
2013/2/14,5,9.9,7.3
2013/2/15,3.5,8.3,5.4
2013/2/16,0.4,6,3.1
2013/2/17,0.3,8,4.1
2013/2/18,1.8,8.9,5.2
2013/2/19,2.7,8.9,5.5
2013/2/20,1.6,8.9,4.4
2013/2/21,0.9,9,4.5
2013/2/22,1.3,8.7,5.5
2013/2/23,3.2,10.1,6.2
2013/2/24,0.1,8.1,3.6
2013/2/25,-0.5,8.5,3
2013/2/26,1.3,9,5.5
2013/2/27,2.6,9.1,5.5
2013/2/28,4.1,15.7,9.9
2013/3/1,7.9,17.6,13.6
2013/3/2,4.8,12,8.7
2013/3/3,3.7,9.7,6.8
2013/3/4,4.2,9.4,6.4
2013/3/5,3.2,13.7,8.4
2013/3/6,4.5,16.4,11
2013/3/7,7.1,18.7,13.5
2013/3/8,10.8,23.2,17.7
2013/3/9,11.6,22.3,16.7
2013/3/10,5.7,25.3,13.6
2013/3/11,3.8,12.4,7.9
2013/3/12,4,15.7,10.7
2013/3/13,13.1,21.2,17.2
2013/3/14,5.9,14.3,8.3
2013/3/15,4.6,13.8,9.2
2013/3/16,7.1,17.8,12.5
2013/3/17,8.5,16.5,12.9
2013/3/18,14.5,20.7,18.3
2013/3/19,15.5,25,19.7
2013/3/20,15.1,20.8,17.4
2013/3/21,7.7,16.2,11.7
2013/3/22,7.2,18.6,13.2
2013/3/23,11.4,17.7,13.7
2013/3/24,9.2,13.3,11
2013/3/25,6.7,11.2,9.8
2013/3/26,5.5,13.2,9.4
2013/3/27,6.4,10.1,8.3
2013/3/28,9.6,20.5,15
2013/3/29,12.3,20.5,16
2013/3/30,7.6,12.6,9
2013/3/31,6.7,8.3,7.4
2013/4/1,6.9,15.2,11.2
2013/4/2,8.3,12.6,10.6
2013/4/3,11.3,16.6,13.7
2013/4/4,10.8,21.4,17.2
2013/4/5,13.5,22.5,18.1
2013/4/6,15.3,20.7,17.4
2013/4/7,11.9,23.1,17.7
2013/4/8,10.5,20.2,14.7
2013/4/9,10.7,21.7,16.9
2013/4/10,8,17.9,13.6
2013/4/11,6,13.6,9.7
2013/4/12,6.5,15.7,11.4
2013/4/13,7.4,16.2,12.3
2013/4/14,10,20.6,16.6
2013/4/15,12.7,22.6,17.2
2013/4/16,11.4,21.4,16.4
2013/4/17,16.4,23.3,20.9
2013/4/18,16.2,23.4,19.9
2013/4/19,10.2,19.9,14.5
2013/4/20,6,11.5,9.2
2013/4/21,5.3,10.2,7.4
2013/4/22,6.8,17.3,11.8
2013/4/23,7.9,18.7,14.3
2013/4/24,15.5,18,16.8
2013/4/25,13.4,22.8,18
2013/4/26,12.3,22.6,17.5
2013/4/27,11.2,21.2,15.8
2013/4/28,12.8,20.5,16.8
2013/4/29,12.1,21.7,17.9
2013/4/30,15.9,21.9,19.6
2013/5/1,12,18.7,14.5
2013/5/2,10.6,19.7,14.6
2013/5/3,11.1,19.1,14.8
2013/5/4,11.3,20.3,16.2
2013/5/5,14.1,22.9,18.1
2013/5/6,14.5,25.3,20.1
2013/5/7,10.7,20.4,15.5
2013/5/8,10.5,23.7,17.3
2013/5/9,14.4,24.8,19.5
2013/5/10,16.2,28.5,22.4
2013/5/11,17.3,20.8,18.9
2013/5/12,16.4,25.3,19.9
2013/5/13,15.8,23.7,19.2
2013/5/14,17.7,27.8,22.8
2013/5/15,16.9,25.5,20.7
2013/5/16,15.2,26.7,20.5
2013/5/17,12.9,23.6,18
2013/5/18,16.1,24.5,19.9
2013/5/19,16.8,23.4,20.1
2013/5/20,16.8,21,19.1
2013/5/21,20.2,26.5,23.2
2013/5/22,19,26.6,22.3
2013/5/23,19.9,26.2,22.5
2013/5/24,15.7,28.2,22.2
2013/5/25,14.2,22.9,18.2
2013/5/26,18.8,26.6,21.7
2013/5/27,19.8,26.1,22.3
2013/5/28,20.5,25.4,22.2
2013/5/29,20.7,24.4,22
2013/5/30,20.2,22.7,21.4
2013/5/31,18.7,27.2,22.6
2013/6/1,16.6,26,20.3
2013/6/2,14.7,23.3,18.3
2013/6/3,14.7,24.9,20
2013/6/4,18.7,29.1,23.2
2013/6/5,20,27.7,22.8
2013/6/6,20.7,25.3,22.6
2013/6/7,20.5,25.4,22.2
2013/6/8,18.7,27.7,22.3
2013/6/9,19.3,29.1,23.6
2013/6/10,21.5,27.5,23.6
2013/6/11,19.8,23,21.4
2013/6/12,19.3,24.1,21.1
2013/6/13,20.7,22.5,21.4
2013/6/14,20.5,27,23.5
2013/6/15,23.1,29.9,26
2013/6/16,21.2,25.2,22.9
2013/6/17,20.7,29.3,24.6
2013/6/18,23.8,30.2,26.9
2013/6/19,23.9,28,26.7
2013/6/20,20.8,24.3,22.3
2013/6/21,19.7,24,21.8
2013/6/22,18.7,26.4,22.8
2013/6/23,19.5,27.9,23.4
2013/6/24,19.7,27.7,23.3
2013/6/25,22.5,26.3,24.1
2013/6/26,19.5,23.7,21.8
2013/6/27,19,27.5,23
2013/6/28,19.3,25.5,22.4
2013/6/29,21.2,28.5,24
2013/6/30,22,27.8,24.2
2013/7/1,22.3,26.1,23.8
2013/7/2,22,27.9,24.3
2013/7/3,22.3,27.4,24.1
2013/7/4,23.2,27.3,25.2
2013/7/5,24.2,28.9,26.8
2013/7/6,26.8,33.7,29.2
2013/7/7,25.8,35.4,29.5
2013/7/8,25.7,35.3,29.4
2013/7/9,25.7,35.4,30.1
2013/7/10,26.9,35.3,30.2
2013/7/11,27.4,34.5,30.3
2013/7/12,27.8,34.9,30.9
2013/7/13,27.9,34.4,30.7
2013/7/14,24.8,34.6,29.3
2013/7/15,22.5,35.1,28.5
2013/7/16,21.6,29.1,25.3
2013/7/17,22.1,29.1,24.6
2013/7/18,23.8,31.8,27.7
2013/7/19,21.4,30.5,25.4
2013/7/20,21.1,28.3,23.9
2013/7/21,21,29,24.8
2013/7/22,23.5,30.4,26.5
2013/7/23,25.2,35.2,28
2013/7/24,24.3,27.1,25.4
2013/7/25,24.1,29.3,26.7
2013/7/26,25.5,32.3,28.4
2013/7/27,22.3,33.1,27.6
2013/7/28,22.9,31.8,27.3
2013/7/29,24.9,27.3,26.3
2013/7/30,25,31.2,27.8
2013/7/31,25.2,30.7,27.4
2013/8/1,24.2,32.8,27.5
2013/8/2,23,29.1,25.6
2013/8/3,23.5,30.8,26.7
2013/8/4,25.4,31.3,27.8
2013/8/5,26.9,32.2,29.1
2013/8/6,25.4,32,28.7
2013/8/7,26,34.5,30
2013/8/8,27.3,34.1,30.3
2013/8/9,27.7,34.5,31
2013/8/10,29,37.4,33.2
2013/8/11,30.4,38.3,32.9
2013/8/12,27.9,35.8,31.3
2013/8/13,26.2,34.7,30
2013/8/14,27.3,34.3,30.2
2013/8/15,26.5,34.9,30
2013/8/16,27.6,33,29.7
2013/8/17,27.3,32.9,29.6
2013/8/18,27.5,33.3,29.6
2013/8/19,27.7,34.2,30.3
2013/8/20,28.1,33.9,30.5
2013/8/21,25.4,33.4,29.1
2013/8/22,25,32.1,28.5
2013/8/23,24.8,30.9,28.2
2013/8/24,24.8,33.5,29
2013/8/25,23.1,28.5,25.5
2013/8/26,23.5,29.6,26.7
2013/8/27,20.3,30.5,25.4
2013/8/28,23.2,33.2,27.8
2013/8/29,25,32.6,28.3
2013/8/30,27.5,36.8,31.4
2013/8/31,27.8,35.3,30.8
2013/9/1,26.3,35.7,30.4
2013/9/2,25.8,33.1,29
2013/9/3,27.3,33.7,29.6
2013/9/4,24.7,30.8,27.9
2013/9/5,24.8,29.4,27.5
2013/9/6,24,28.3,26
2013/9/7,23.2,29.1,25.9
2013/9/8,21.7,28.9,25.2
2013/9/9,21.8,28.7,24.6
2013/9/10,21.4,27.9,24.8
2013/9/11,22.2,27.7,24.7
2013/9/12,23.3,31.5,27.6
2013/9/13,25.5,32,28.2
2013/9/14,25.8,32.5,28.6
2013/9/15,23.5,29.4,26.7
2013/9/16,21.7,29.3,26.5
2013/9/17,19.9,28.6,23.5
2013/9/18,19.2,28.7,23.7
2013/9/19,19.5,28.8,23.9
2013/9/20,20.2,29.3,24.9
2013/9/21,21.9,29.9,25.6
2013/9/22,22.4,30.1,25.3
2013/9/23,19,24.3,22
2013/9/24,17.6,26.4,22.7
2013/9/25,21.7,24.6,23.3
2013/9/26,18.1,24.2,22.1
2013/9/27,16.8,24.2,19.8
2013/9/28,15.7,25.3,20.3
2013/9/29,19.6,26.2,22.2
2013/9/30,18.6,26.2,22.2
2013/10/1,19.5,23.9,22.3
2013/10/2,21,26.4,23.4
2013/10/3,20.2,28.8,24.5
2013/10/4,16.8,20.5,18.3
2013/10/5,15.2,19.3,17.8
2013/10/6,18.8,24.3,21.4
2013/10/7,20.6,27.1,23.6
2013/10/8,22.7,29.6,25.4
2013/10/9,24.4,28.8,26.1
2013/10/10,22.5,28.4,25
2013/10/11,22,30.2,25.7
2013/10/12,19.8,31.3,26.1
2013/10/13,18.2,26.3,21.6
2013/10/14,16,25.6,20.8
2013/10/15,16.9,21.3,18.2
2013/10/16,16.2,26,20.1
2013/10/17,15.2,21,18
2013/10/18,15.2,20.1,17.2
2013/10/19,14.4,18.8,16.2
2013/10/20,14.1,16.2,15.2
2013/10/21,15.2,21.7,18.4
2013/10/22,16.9,20.5,18.6
2013/10/23,16.1,20.1,17.5
2013/10/24,15.1,17.5,16
2013/10/25,15.7,20.4,18
2013/10/26,13.5,17.9,15.4
2013/10/27,12,21.1,16.6
2013/10/28,12.1,20.3,16.1
2013/10/29,13.2,16,14.7
2013/10/30,14.9,22.1,18
2013/10/31,13.8,21.5,17.8
2013/11/1,14.1,20.5,17.2
2013/11/2,13.6,17,15.4
2013/11/3,15.2,21,17.4
2013/11/4,15,18.4,16.6
2013/11/5,13.2,19.7,16
2013/11/6,11,20.7,16
2013/11/7,12.8,17.8,15
2013/11/8,12.3,21.5,16.5
2013/11/9,11.8,15.1,13.3
2013/11/10,11.9,21.4,16.6
2013/11/11,8.3,16.8,12.5
2013/11/12,7.9,12.5,9.6
2013/11/13,6.4,14.1,9.8
2013/11/14,6.2,14.5,10.8
2013/11/15,10.1,12.7,11.3
2013/11/16,8.1,17.4,12.9
2013/11/17,9.3,19.2,14.1
2013/11/18,9.9,20.1,14.4
2013/11/19,8.2,17.4,12.7
2013/11/20,7.4,17.2,12.2
2013/11/21,7.3,16.3,12
2013/11/22,7.2,17.6,12.4
2013/11/23,9.6,15.7,12.6
2013/11/24,7.1,17.4,12.6
2013/11/25,9.9,19.4,14.5
2013/11/26,11.2,19.1,15.1
2013/11/27,9.7,16,12.9
2013/11/28,8.7,18,14
2013/11/29,5.9,14.1,9.8
2013/11/30,6,14.1,10.2
2013/12/1,5.1,15,10.4
2013/12/2,6.7,15.3,10.8
2013/12/3,7.3,16.3,11.7
2013/12/4,8.9,14.5,11.5
2013/12/5,7.5,16.3,11.6
2013/12/6,7,17.6,12.5
2013/12/7,8.8,14.6,11.1
2013/12/8,6.7,11.2,8.8
2013/12/9,4.9,11,8.2
2013/12/10,5.1,14.1,9.5
2013/12/11,7.3,12.8,10.1
2013/12/12,7.9,13.2,9.9
2013/12/13,4.1,14.9,9.7
2013/12/14,4.6,11.2,7.6
2013/12/15,2.8,11.4,7.2
2013/12/16,5.4,11.9,8.2
2013/12/17,7,12,9.2
2013/12/18,3.6,8.8,6.6
2013/12/19,3.7,7.6,6.3
2013/12/20,3.3,9.4,6.1
2013/12/21,2.8,11,6.8
2013/12/22,5.5,11.4,7.6
2013/12/23,4.4,8.4,6.4
2013/12/24,4.5,12.5,7.6
2013/12/25,3.3,10.3,6.7
2013/12/26,3.4,10,6.3
2013/12/27,5.1,9.4,7
2013/12/28,2.7,9.3,5.4
2013/12/29,0.5,9.5,4.9
2013/12/30,0.6,10.5,5.4
2013/12/31,1.3,12.7,6.9
2014/1/1,3.1,15.5,9.6
2014/1/2,3.1,12.1,7.3
2014/1/3,3.8,8.5,5.9
2014/1/4,2.4,11.7,6.5
2014/1/5,3.9,7.3,5.4
2014/1/6,2.1,10.5,5.3
2014/1/7,1.9,9.9,5.5
2014/1/8,2.8,12.8,7.3
2014/1/9,3,11.8,7.2
2014/1/10,1.4,6.8,3.6
2014/1/11,0.7,9,4.3
2014/1/12,1.4,9.5,5.3
2014/1/13,2.4,8.3,5.1
2014/1/14,1.7,7.7,4.2
2014/1/15,1.8,4.4,3
2014/1/16,-0.2,9.1,4.8
2014/1/17,2.9,9.5,5.8
2014/1/18,2.8,8.6,5.2
2014/1/19,2,7.1,4.2
2014/1/20,0.7,8.5,4.8
2014/1/21,1.8,11.8,6.3
2014/1/22,2.1,9.6,5.5
2014/1/23,2.8,11.1,6.5
2014/1/24,2.4,12.6,7.2
2014/1/25,3,12.4,8.4
2014/1/26,2.4,14.5,9.5
2014/1/27,1.4,7.5,4.6
2014/1/28,1.1,15,8.8
2014/1/29,4.9,12.8,8.9
2014/1/30,5.1,15.8,10.3
2014/1/31,6.2,15.9,9.9
2014/2/1,3.8,12.3,7.9
2014/2/2,6.1,13.3,9.3
2014/2/3,7,17.8,12.8
2014/2/4,0.9,11.8,5
2014/2/5,-0.5,5.2,1.6
2014/2/6,-0.3,6.2,2.7
2014/2/7,1.1,7.2,4
2014/2/8,-0.9,4,0.3
2014/2/9,1.1,9.2,5.4
2014/2/10,3.3,8.7,6
2014/2/11,2.1,4.6,3.3
2014/2/12,2.8,8.2,4.8
2014/2/13,2.4,8.2,5.3
2014/2/14,-0.2,5.4,1.4
2014/2/15,-0.2,6.9,3.9
2014/2/16,4.5,10,6.9
2014/2/17,3.9,12.9,7.3
2014/2/18,2.9,8.8,4.7
2014/2/19,1.5,9,4.7
2014/2/20,1.4,7.6,4.6
2014/2/21,2.8,10.3,5.5
2014/2/22,1.7,9.5,5.1
2014/2/23,2.9,8.3,5.6
2014/2/24,4,8.8,6.3
2014/2/25,3.4,12.9,8.2
2014/2/26,5.7,14.2,10
2014/2/27,6.8,13.7,10
2014/2/28,8.5,18.6,13.8
2014/3/1,7,12.7,8.9
2014/3/2,4.9,7.2,5.6
2014/3/3,4.4,10.9,6.6
2014/3/4,2.3,10.9,6.9
2014/3/5,4.8,9.3,6.5
2014/3/6,3,9,5.4
2014/3/7,1.8,9.2,4.4
2014/3/8,1.9,10.2,5.9
2014/3/9,3.1,9.9,6.4
2014/3/10,1.4,8.8,4.9
2014/3/11,1.3,11.1,6.1
2014/3/12,3.3,16.6,11
2014/3/13,8.5,18.2,12.3
2014/3/14,6.7,13.4,10.1
2014/3/15,4.5,12,8.3
2014/3/16,4.5,17.5,10.8
2014/3/17,6.6,16.8,12.1
2014/3/18,8.2,20.3,15.4
2014/3/19,9.7,13.5,11.2
2014/3/20,6.7,10.4,8.1
2014/3/21,7,14.5,10.1
2014/3/22,5.1,14,9.3
2014/3/23,7.2,16.8,11.6
2014/3/24,8.5,18.5,13.6
2014/3/25,11.5,22.3,16.6
2014/3/26,13.8,19.4,16.4
2014/3/27,10,15.4,12.6
2014/3/28,8.4,20.2,14.8
2014/3/29,13.4,22.2,17.7
2014/3/30,14.9,19.3,16.5
2014/3/31,12.7,20.1,15.7
2014/4/1,10.9,18.1,13.9
2014/4/2,10,19.6,15.2
2014/4/3,12.9,15.6,13.8
2014/4/4,11,22,15.3
2014/4/5,8.4,14.9,11.4
2014/4/6,6.4,13.4,9
2014/4/7,6.3,16.5,11.4
2014/4/8,9.2,22.3,15.8
2014/4/9,11.3,20.4,15.5
2014/4/10,10.3,22.9,16.1
2014/4/11,7.7,18.7,12.9
2014/4/12,9.3,20,14.6
2014/4/13,9.6,18.7,14.4
2014/4/14,11.1,17.6,14
2014/4/15,10.3,20.6,16.3
2014/4/16,13.8,23.3,18.7
2014/4/17,13.5,21.8,17.7
2014/4/18,8.6,18.2,11.8
2014/4/19,8.4,17.9,11.7
2014/4/20,6.9,14.1,11
2014/4/21,10,17.5,13.4
2014/4/22,12.3,20,15.2
2014/4/23,11.9,21.3,16.2
2014/4/24,12.7,21.7,16.6
2014/4/25,12.9,22.5,17.8
2014/4/26,14.1,23.9,18.2
2014/4/27,14.7,22.7,18.1
2014/4/28,14.9,23.2,18.6
2014/4/29,15.8,20.6,17.8
2014/4/30,14.1,18.5,16.7
2014/5/1,17.7,24.5,20.6
2014/5/2,17.3,25.6,21
2014/5/3,15.9,25.6,21.3
2014/5/4,14.8,23,18.6
2014/5/5,16.7,20.7,18.1
2014/5/6,12.5,18,14.3
2014/5/7,11.2,21.5,16.5
2014/5/8,16,21.5,18.7
2014/5/9,14.4,26.8,19.3
2014/5/10,13.6,24.9,19.8
2014/5/11,17,25.3,20.6
2014/5/12,17.1,23.3,19.6
2014/5/13,16.5,22.7,19.3
2014/5/14,17.4,27.2,21.9
2014/5/15,17.9,21.9,19.9
2014/5/16,18,25.7,21.5
2014/5/17,17,26.2,21.1
2014/5/18,16.1,25.2,20.5
2014/5/19,17.4,25.7,21.1
2014/5/20,18.8,25.6,21.7
2014/5/21,15.9,19.5,17.5
2014/5/22,13.5,22.8,18.6
2014/5/23,14.2,21.7,17.8
2014/5/24,15.4,25.4,20.6
2014/5/25,20,27.3,22.7
2014/5/26,18.6,24.6,21.3
2014/5/27,17.7,26.5,21.4
2014/5/28,19.8,27.7,22.7
2014/5/29,19.3,27.5,23.1
2014/5/30,20,29,24.1
2014/5/31,20.2,31.6,25.6
2014/6/1,21,33.1,26.6
2014/6/2,20.5,31.4,25.5
2014/6/3,20.4,28.9,24
2014/6/4,22.1,29.4,24.3
2014/6/5,18.6,23.3,21.2
2014/6/6,19,20.9,19.9
2014/6/7,17.7,19.2,18.4
2014/6/8,17.9,22.4,20.5
2014/6/9,19.3,25.6,22.9
2014/6/10,20.4,27.8,23.5
2014/6/11,20.9,24.4,22.2
2014/6/12,20.7,23.7,22
2014/6/13,20.1,30.3,24.9
2014/6/14,20.1,29.4,24.7
2014/6/15,20.1,29.6,24.4
2014/6/16,21.7,29.8,25
2014/6/17,21.7,27.8,24.3
2014/6/18,21.7,25.1,23.2
2014/6/19,21.4,28.5,24.8
2014/6/20,22,27.9,24.6
2014/6/21,22.6,27.7,24.6
2014/6/22,21.3,23.6,22.5
2014/6/23,21.3,27.8,24.2
2014/6/24,20.9,26.6,22.6
2014/6/25,20.6,26.2,22.6
2014/6/26,20.3,28.2,23.6
2014/6/27,22.2,26.2,23.9
2014/6/28,21.5,24.8,22.8
2014/6/29,21,28.9,23.3
2014/6/30,20.7,27.3,23.6
2014/7/1,21,29.6,25.3
2014/7/2,22.2,30.3,25.8
2014/7/3,21.8,27.5,24.8
2014/7/4,20.6,23.4,21.6
2014/7/5,20.1,24.3,22
2014/7/6,20.6,28.5,24.2
2014/7/7,21.6,24.9,23.4
2014/7/8,21.6,31.5,26.8
2014/7/9,23.3,25.7,24.2
2014/7/10,23.5,29.7,26.6
2014/7/11,24.1,34.2,28.5
2014/7/12,26.5,32.8,29.2
2014/7/13,25.6,28,26.9
2014/7/14,25.4,32.9,28.5
2014/7/15,24.7,32.5,28.2
2014/7/16,24.7,32.3,28
2014/7/17,24.4,31.8,27.1
2014/7/18,22.6,27.5,24.9
2014/7/19,22.1,26.4,23.8
2014/7/20,21.8,29.9,24.5
2014/7/21,22.6,28.8,25
2014/7/22,24.7,31.2,27.7
2014/7/23,25.6,33.1,29.4
2014/7/24,26.2,34.6,29.9
2014/7/25,26.4,35.6,30.5
2014/7/26,27.9,34.6,30.5
2014/7/27,27.1,34.5,30.1
2014/7/28,25.9,30.7,27.7
2014/7/29,24.1,31.8,27.6
2014/7/30,25,31.8,27.9
2014/7/31,26.1,33.9,29.5
2014/8/1,26.6,33.5,29.8
2014/8/2,27,35.3,30.9
2014/8/3,27.9,35.5,31
2014/8/4,27.8,34.7,30.5
2014/8/5,28,36.1,31.1
2014/8/6,27.9,35.7,30.8
2014/8/7,27.6,34.2,29.7
2014/8/8,26.6,31.7,29
2014/8/9,22.8,27.8,25.4
2014/8/10,22.2,29.4,26.3
2014/8/11,27.3,32.9,29.4
2014/8/12,21.7,29.6,26.3
2014/8/13,21.9,31.5,26.7
2014/8/14,25.8,30.1,27.1
2014/8/15,25.6,33.6,29.5
2014/8/16,23.2,31.2,27
2014/8/17,22.3,30.8,26.2
2014/8/18,26,33.6,29.1
2014/8/19,26.5,34.7,30.3
2014/8/20,27.8,34.5,31.1
2014/8/21,27.5,34.1,30.5
2014/8/22,27.6,34.6,30.2
2014/8/23,25.8,30.3,27.6
2014/8/24,25.3,32.1,28.4
2014/8/25,24.8,29.3,27
2014/8/26,23.2,26.9,25.2
2014/8/27,19.9,23.4,21.2
2014/8/28,19.6,23,21.1
2014/8/29,20.8,26.2,23.3
2014/8/30,19.9,26.1,22.6
2014/8/31,21.3,25.7,23.2
2014/9/1,20.1,23.8,21.8
2014/9/2,20,29.8,24.5
2014/9/3,22,27.3,24.1
2014/9/4,22,27.7,25.2
2014/9/5,24.2,31.6,27.8
2014/9/6,24.1,31.1,27.3
2014/9/7,19.4,24.4,21.7
2014/9/8,19.6,24.4,22.1
2014/9/9,20.1,28.1,23.5
2014/9/10,19.8,26.9,23.4
2014/9/11,19.9,23.2,21.8
2014/9/12,19.4,27.5,23.5
2014/9/13,20.3,27.3,23.1
2014/9/14,19.7,28.7,23.8
2014/9/15,21.5,26,24.1
2014/9/16,21.5,29.5,25.1
2014/9/17,20.9,26.1,23.3
2014/9/18,19.9,25.9,22.3
2014/9/19,18.4,25.6,22.3
2014/9/20,19.4,22.3,20.5
2014/9/21,16.4,26.7,21.3
2014/9/22,19.4,27.2,22.6
2014/9/23,17.7,26.4,22.1
2014/9/24,19.4,25.9,22.4
2014/9/25,22.1,28.5,24.4
2014/9/26,19.8,28.1,22.9
2014/9/27,17.4,23.5,20.2
2014/9/28,17.6,27,21.7
2014/9/29,20.2,28.3,23.5
2014/9/30,20.8,29.1,24.7
2014/10/1,19.6,24.6,21.2
2014/10/2,19.5,24.7,21.7
2014/10/3,22.5,29.8,25.7
2014/10/4,22.4,25.7,24.2
2014/10/5,15.2,22.4,17.2
2014/10/6,16.1,28.4,21.3
2014/10/7,17.7,24,20
2014/10/8,16.8,24.4,20.3
2014/10/9,18,24,21
2014/10/10,17.8,26.3,22.4
2014/10/11,18.2,23.5,20.3
2014/10/12,17,20.6,18.6
2014/10/13,15.7,24,18.1
2014/10/14,18.8,27.1,23.1
2014/10/15,13.8,19.1,15.9
2014/10/16,13.5,21.1,16.8
2014/10/17,15,24,18.4
2014/10/18,13.4,21.8,17.5
2014/10/19,13.5,23,18.3
2014/10/20,15.8,24.1,19.4
2014/10/21,16.4,21.4,19
2014/10/22,13.9,19.5,16.1
2014/10/23,12.9,15.5,14.3
2014/10/24,13,20.7,16.7
2014/10/25,12.9,22.7,18.3
2014/10/26,16.3,23.9,20.1
2014/10/27,15.1,23,19.3
2014/10/28,13.8,20.2,15.8
2014/10/29,13.1,21.6,16.4
2014/10/30,11.9,21.8,16.8
2014/10/31,15.3,20.8,18.4
2014/11/1,15.6,18.6,16.8
2014/11/2,15.4,22.4,19.5
2014/11/3,14.1,21.6,18
2014/11/4,12.3,19.9,16.2
2014/11/5,11.9,17.6,15.2
2014/11/6,14.3,21.3,17.7
2014/11/7,14.7,21.1,17.7
2014/11/8,12.9,15.4,14.1
2014/11/9,12.6,17.6,14.9
2014/11/10,13.3,22.2,17.8
2014/11/11,13,15.8,14.5
2014/11/12,12.3,16.3,14.1
2014/11/13,11.4,20.9,15
2014/11/14,8.8,16.8,12.8
2014/11/15,8.4,17.5,12.7
2014/11/16,9.8,16.2,12.5
2014/11/17,9.2,15.1,12.1
2014/11/18,10.2,16.8,12.9
2014/11/19,9.8,15.9,12.1
2014/11/20,6.9,11.6,9.1
2014/11/21,7.8,16.6,12.3
2014/11/22,10.5,18.7,13.8
2014/11/23,9.8,19.1,14.1
2014/11/24,10.7,15.6,13.2
2014/11/25,9.5,12.6,11.1
2014/11/26,8.5,10,9.2
2014/11/27,9.3,17,12.9
2014/11/28,11.4,16.3,14.1
2014/11/29,11.8,19.4,13.8
2014/11/30,12.7,17.5,15.1
2014/12/1,12.6,14.9,13.5
2014/12/2,5.9,14.4,10.8
2014/12/3,3,13.6,8.2
2014/12/4,5.9,13.2,8.8
2014/12/5,3.9,13.4,8.3
2014/12/6,1.7,9.8,5.1
2014/12/7,2,10.8,6.2
2014/12/8,3.2,11.6,6.6
2014/12/9,2.8,12.4,7.3
2014/12/10,3.6,10.8,7.3
2014/12/11,5.3,16.2,9.6
2014/12/12,5.6,11.1,9.3
2014/12/13,1.9,12.7,7
2014/12/14,1.2,8.9,4.8
2014/12/15,0.1,10.4,5.3
2014/12/16,1.9,5.3,3.6
2014/12/17,1.4,9.1,4.3
2014/12/18,-1.3,8.3,4
2014/12/19,0,9.5,5.4
2014/12/20,3.4,7.6,5.3
2014/12/21,4.2,12.6,8.6
2014/12/22,3.1,11.4,7.1
2014/12/23,2.4,11.2,6.3
2014/12/24,1.4,11.9,5.9
2014/12/25,3.1,11.5,6.3
2014/12/26,0.4,10,5.1
2014/12/27,1.8,8.7,4.6
2014/12/28,-0.6,8,3.8
2014/12/29,2.5,6.1,4.2
2014/12/30,1.8,12.2,6.6
2014/12/31,1.8,12.9,8
2015/1/1,0.7,8.2,3.7
2015/1/2,-2.2,7.9,2.7
2015/1/3,-1.1,8.9,3.8
2015/1/4,-0.4,9.3,4
2015/1/5,1.3,12.9,6.9
2015/1/6,5.8,16,10.8
2015/1/7,3,10.2,5.6
2015/1/8,2,11.2,6.2
2015/1/9,3.5,11,6.7
2015/1/10,1.9,11.2,6.3
2015/1/11,0.2,10.8,6.4
2015/1/12,2,9,5.2
2015/1/13,2.5,11.8,6.6
2015/1/14,1.2,11.5,6.6
2015/1/15,3.4,8.2,5.4
2015/1/16,4.9,13.2,8.9
2015/1/17,1.3,11.6,5.9
2015/1/18,-0.5,10.9,4.7
2015/1/19,-0.7,11.7,5.7
2015/1/20,2.7,11.2,6.3
2015/1/21,1.5,3.8,2.5
2015/1/22,3.2,5.6,4.6
2015/1/23,3.7,12.8,6.9
2015/1/24,2.9,8.1,4.9
2015/1/25,0.9,12.2,7
2015/1/26,5.6,12.9,9
2015/1/27,5.8,16.4,9.8
2015/1/28,1.4,9.7,5.2
2015/1/29,-0.9,8.2,3.9
2015/1/30,0.4,4.7,2.2
2015/1/31,0.8,10.5,4.9
2015/2/1,0.7,8.6,4
2015/2/2,1,9.6,4.7
2015/2/3,0.4,10.3,4.7
2015/2/4,1.1,9.6,5.2
2015/2/5,1.1,5.1,2.6
2015/2/6,-0.3,12,5.4
2015/2/7,1.2,9.6,5.3
2015/2/8,2,6.8,4
2015/2/9,-0.6,4.9,2
2015/2/10,-2.4,8.1,3.2
2015/2/11,0.2,10.9,5.6
2015/2/12,1.2,13,7
2015/2/13,1.1,12.3,5
2015/2/14,-1.4,10.6,4.9
2015/2/15,0.3,11.7,5.5
2015/2/16,1.5,13.2,7
2015/2/17,1.3,5.4,3.9
2015/2/18,2.5,4.3,3.3
2015/2/19,0.9,13,6.2
2015/2/20,2.5,11.9,6.3
2015/2/21,2,10.5,6.2
2015/2/22,4.4,8,6.3
2015/2/23,6.3,19.2,10.7
2015/2/24,7.2,12.7,9.7
2015/2/25,7.5,13.2,9.2
2015/2/26,5,7.9,6.6
2015/2/27,3.8,15.3,8.2
2015/2/28,3,12.8,7.4
2015/3/1,5.4,9.8,6.9
2015/3/2,5.1,14.1,9.3
2015/3/3,3.6,7.7,5.6
2015/3/4,3.2,17.5,9.6
2015/3/5,5.4,14.3,9.3
2015/3/6,4.9,12,7.3
2015/3/7,3.9,8.2,6
2015/3/8,5.9,10.9,8.2
2015/3/9,8.4,9.9,9
2015/3/10,1.7,13.7,7.7
2015/3/11,-0.4,12.2,6.2
2015/3/12,3.6,14.8,8.6
2015/3/13,1.8,14.4,8.9
2015/3/14,4.7,13.5,8.9
2015/3/15,4.9,13,8.4
2015/3/16,7.3,16,11.1
2015/3/17,9.2,21.2,14.5
2015/3/18,10.7,21.7,14.8
2015/3/19,10.3,15.9,11.9
2015/3/20,9.9,14.9,11.8
2015/3/21,7.2,16,10.5
2015/3/22,6.6,18.7,12.9
2015/3/23,4.7,17,10.7
2015/3/24,3.9,15.1,8.2
2015/3/25,2.7,14.3,8.1
2015/3/26,4.9,15.8,9.5
2015/3/27,4,20.4,12.3
2015/3/28,7.6,20.6,14.1
2015/3/29,9,21.1,14.6
2015/3/30,9.4,23.6,16.2
2015/3/31,9.8,23.2,16.7
2015/4/1,8.8,18.7,13.9
2015/4/2,6.5,17.4,11.6
2015/4/3,12.1,20.6,17.3
2015/4/4,10,19.1,13.2
2015/4/5,8.6,11.4,10.3
2015/4/6,11.2,22.9,16.2
2015/4/7,6.9,13,10
2015/4/8,2.4,7.6,4.1
2015/4/9,3.2,13.2,7.4
2015/4/10,5.3,12.1,8.3
2015/4/11,8.4,16.2,11.5
2015/4/12,8.4,18,12.9
2015/4/13,8.5,11.3,9.7
2015/4/14,9.3,14.1,12.1
2015/4/15,10.5,21.4,15.4
2015/4/16,8.8,21.5,15.7
2015/4/17,9.3,24.9,16.4
2015/4/18,6.8,19.7,14
2015/4/19,10.4,17.2,14.3
2015/4/20,13.6,20.7,18.4
2015/4/21,13.9,20.5,17.5
2015/4/22,11.2,21.4,15.7
2015/4/23,11.9,24.8,18
2015/4/24,14,23.9,18.3
2015/4/25,12.6,22.9,17.2
2015/4/26,12.4,23.8,17.8
2015/4/27,13.3,25,19.3
2015/4/28,14.6,27.2,20.8
2015/4/29,15,24.3,19.4
2015/4/30,14.7,24,19
2015/5/1,14.5,27.5,20.5
2015/5/2,15.2,27.6,21
2015/5/3,17.2,27,21.2
2015/5/4,18.5,26.6,21.6
2015/5/5,13.1,22.4,18.3
2015/5/6,11.6,24.7,18.2
2015/5/7,15.7,24.7,19.1
2015/5/8,15.8,26.8,20.7
2015/5/9,16.3,21.3,18.7
2015/5/10,13.8,27,19.7
2015/5/11,12.1,23.5,17.2
2015/5/12,15.9,22.7,19.6
2015/5/13,17.4,28.4,22.5
2015/5/14,16.9,28.6,23.1
2015/5/15,18.9,27.8,22.7
2015/5/16,19.5,23.7,20.9
2015/5/17,18.9,27.8,22.2
2015/5/18,17.5,26.2,21.5
2015/5/19,16.6,24.2,20.2
2015/5/20,18.3,27.3,22.2
2015/5/21,13.4,25.7,19.5
2015/5/22,15,26,20.5
2015/5/23,16.1,27.1,21.6
2015/5/24,17.3,26,21
2015/5/25,16.6,26.1,21.3
2015/5/26,16.9,30.9,23.3
2015/5/27,18.7,30.2,23.9
2015/5/28,18.4,26.8,22.1
2015/5/29,18.3,22.8,20.7
2015/5/30,18.4,29.6,23.4
2015/5/31,20.6,32.2,25.7
2015/6/1,20.8,27.7,23.6
2015/6/2,19.7,28.7,23.5
2015/6/3,20.1,22.9,21.7
2015/6/4,18.6,29.1,23.1
2015/6/5,14.2,22.5,18.8
2015/6/6,13.4,24.6,18
2015/6/7,16.1,25.5,20.8
2015/6/8,17.2,25.3,21
2015/6/9,17.3,21.9,19.5
2015/6/10,17.5,27.8,22.6
2015/6/11,18.9,27.5,23
2015/6/12,18.9,25,21.4
2015/6/13,20.8,29,24
2015/6/14,20.5,26.8,22.5
2015/6/15,19.5,30.8,24.6
2015/6/16,20,27.2,23.3
2015/6/17,19.8,24.8,21.6
2015/6/18,19.8,26.1,21.9
2015/6/19,17.6,20.8,19.1
2015/6/20,17.2,26.9,21.7
2015/6/21,18.2,22.8,20.6
2015/6/22,18.5,26.8,22.6
2015/6/23,18.4,28.8,23.4
2015/6/24,18,29.9,23.8
2015/6/25,20.6,28.7,24.3
2015/6/26,20.6,25.6,22.4
2015/6/27,20.6,25.5,22.6
2015/6/28,18.4,31.4,23.2
2015/6/29,18,26.3,21.6
2015/6/30,19.8,26.7,22.5
2015/7/1,19.2,22.4,20.5
2015/7/2,20.1,25,22.5
2015/7/3,20.8,23.4,21.9
2015/7/4,20.8,25.9,22.5
2015/7/5,19.1,21.9,20.1
2015/7/6,18.9,21.1,19.8
2015/7/7,18.7,24.3,21.3
2015/7/8,19.2,26.6,22.4
2015/7/9,18.6,20.4,19.4
2015/7/10,17.6,28.9,23.2
2015/7/11,21.1,31.3,25.9
2015/7/12,22.4,32,27.2
2015/7/13,24.1,34.2,29.4
2015/7/14,26.7,34.3,29.9
2015/7/15,24.2,33.2,28.4
2015/7/16,23.6,28.9,26.4
2015/7/17,22.8,30.4,26.7
2015/7/18,25.6,29.9,27.2
2015/7/19,25,34.8,29.4
2015/7/20,25.8,33.5,28.8
2015/7/21,25.4,34.9,29.4
2015/7/22,25.4,32.8,28.9
2015/7/23,24.7,30.4,27
2015/7/24,25,33.9,28.1
2015/7/25,24.7,33.1,28.6
2015/7/26,26,35.8,30.3
2015/7/27,25.6,35,30.4
2015/7/28,27.1,34.1,29.6
2015/7/29,27.1,32.5,29.4
2015/7/30,26.5,34.3,29.1
2015/7/31,25.9,35,30
2015/8/1,26.6,35.3,30.5
2015/8/2,26.3,35.1,30.2
2015/8/3,26.1,35,29.8
2015/8/4,26.5,35.1,30
2015/8/5,25.7,35.2,30.2
2015/8/6,26.8,35.9,30.9
2015/8/7,26.8,37.7,31.5
2015/8/8,24.9,32.6,27.6
2015/8/9,24.7,33.4,27.9
2015/8/10,25.5,31.9,27.9
2015/8/11,25.3,35.5,29.4
2015/8/12,26.3,33.7,28.9
2015/8/13,25.3,30.5,27.5
2015/8/14,24,31.8,26.9
2015/8/15,24.1,33.1,27.7
2015/8/16,24.6,31.9,27.8
2015/8/17,23.6,28,25.7
2015/8/18,26,31.9,28.2
2015/8/19,25.7,31.4,27.8
2015/8/20,24,27,25.6
2015/8/21,24.5,29.4,26
2015/8/22,24.7,32.7,28.3
2015/8/23,24,31.4,26.7
2015/8/24,21.6,29.3,24.3
2015/8/25,18.2,22.9,21.5
2015/8/26,17.9,21.3,19.5
2015/8/27,20.2,27.3,23.6
2015/8/28,19.9,22.9,21.7
2015/8/29,19.1,21,20
2015/8/30,20.3,22.5,21.2
2015/8/31,20.6,24.1,22.1
2015/9/1,21.4,26.5,23.7
2015/9/2,24.5,31.5,26.9
2015/9/3,22.9,30.4,25.7
2015/9/4,22.3,30.1,24.7
2015/9/5,22.9,29.3,25.4
2015/9/6,22.4,27.5,23.8
2015/9/7,20.7,26.1,23
2015/9/8,18.8,21,20
2015/9/9,18.7,25.3,22.4
2015/9/10,19.8,23.5,21.8
2015/9/11,19.7,29.3,23.9
2015/9/12,20.5,29.5,24.7
2015/9/13,21.7,27.5,24.4
2015/9/14,20.5,27.3,22.9
2015/9/15,18.8,27.5,22.3
2015/9/16,17.8,25.2,21.1
2015/9/17,16.1,18.9,17.9
2015/9/18,18,23.9,20.6
2015/9/19,20.4,29.3,24.1
2015/9/20,19.8,28.4,23.3
2015/9/21,19.5,27.5,22.7
2015/9/22,19.6,28.5,23
2015/9/23,18.9,27.2,22.4
2015/9/24,18.2,23,20.4
2015/9/25,16.1,19.5,17.7
2015/9/26,17.5,24.6,20.5
2015/9/27,19.8,24.5,21.4
2015/9/28,19.3,27.8,23.3
2015/9/29,19.6,26.6,22.7
2015/9/30,17.3,25.8,20.9
2015/10/1,14.8,23.4,19.4
2015/10/2,18.7,28.1,23.2
2015/10/3,18.3,26.7,21.7
2015/10/4,17.1,27.1,21.3
2015/10/5,16.4,20.1,17.9
2015/10/6,13.9,22.4,17.7
2015/10/7,13.8,22.4,17.5
2015/10/8,12.1,24.6,19.4
2015/10/9,15.3,25.5,20.2
2015/10/10,14.6,20.4,18.3
2015/10/11,16.4,21,18.9
2015/10/12,15.4,23.1,18.7
2015/10/13,14.2,24.2,18.8
2015/10/14,14.9,23.2,18.4
2015/10/15,13.7,23.1,18.8
2015/10/16,14.9,17.6,15.6
2015/10/17,15.7,20.3,17.5
2015/10/18,15.8,23.9,18.8
2015/10/19,14.6,24.3,19
2015/10/20,15.5,23.9,19
2015/10/21,15.3,20.8,17.2
2015/10/22,13.5,23.2,17.4
2015/10/23,15.7,21.3,17.9
2015/10/24,15.2,23.9,19
2015/10/25,13.1,19.9,16.1
2015/10/26,11.7,20.4,15.5
2015/10/27,10.3,24.9,18.3
2015/10/28,16.1,26.1,20.8
2015/10/29,15.4,19.1,17.1
2015/10/30,14,21.6,17.1
2015/10/31,11.8,16.6,14.4
2015/11/1,9.5,17.4,13.1
2015/11/2,9.6,15.3,12.7
2015/11/3,12.3,21.3,16.2
2015/11/4,9.6,20.1,14.4
2015/11/5,10.3,21.1,15.1
2015/11/6,10.5,22.2,16.4
2015/11/7,13,20.9,16.5
2015/11/8,14.2,17.9,15.2
2015/11/9,14.9,22.9,18.2
2015/11/10,13.8,18.2,16.5
2015/11/11,12.5,18.4,14.9
2015/11/12,12,17.1,13.4
2015/11/13,10,16.8,13.1
2015/11/14,12.2,14,13
2015/11/15,13.6,20,16
2015/11/16,12.2,21.2,17.2
2015/11/17,15.6,23.7,18.5
2015/11/18,14.4,20.8,16.7
2015/11/19,12,18.6,14.5
2015/11/20,11.4,15,13.7
2015/11/21,10.1,20.8,15.5
2015/11/22,11.7,15.2,13.1
2015/11/23,11,13.2,12.2
2015/11/24,11.4,18.7,14.3
2015/11/25,5.5,12,8.7
2015/11/26,5.4,11.5,8.7
2015/11/27,6.2,14.7,9.9
2015/11/28,3.9,15.7,9.4
2015/11/29,6.1,14.5,10.4
2015/11/30,6.5,14.3,10
2015/12/1,5.6,16.2,10.8
2015/12/2,8,11.3,9.5
2015/12/3,8.5,13.5,10.5
2015/12/4,5.4,14.2,9.9
2015/12/5,4.4,16.1,9.8
2015/12/6,6.8,13.1,10.6
2015/12/7,5.7,12.6,9.2
2015/12/8,5.7,11.3,8
2015/12/9,2.8,12.7,7.5
2015/12/10,4.7,12.8,8.8
2015/12/11,6.9,24.1,14.7
2015/12/12,10.1,15.6,12.6
2015/12/13,9.5,11,10.2
2015/12/14,10.2,13.9,11.6
2015/12/15,9.6,14.9,11.5
2015/12/16,8,17.4,12.9
2015/12/17,6.2,13.4,10.1
2015/12/18,3.2,11.8,7.8
2015/12/19,3.1,12.1,7.1
2015/12/20,2.1,11.1,6.9
2015/12/21,5.6,13.3,8.8
2015/12/22,7.3,15.9,11
2015/12/23,5.5,8.6,6.8
2015/12/24,5.5,15.4,10.3
2015/12/25,7.6,15,10.9
2015/12/26,5.8,12.5,8.5
2015/12/27,3.7,10.5,7.3
2015/12/28,2.6,10.6,6
2015/12/29,1.9,11.5,6.3
2015/12/30,4,11,7.2
2015/12/31,3.2,11,6.6
2016/1/1,3.6,12.1,7.5
2016/1/2,2.6,13.4,7.3
2016/1/3,3,16.2,9.3
2016/1/4,4.4,15.2,9.2
2016/1/5,5.1,15.4,10.9
2016/1/6,7.1,11.3,8.9
2016/1/7,4.5,12.9,8.7
2016/1/8,3.1,10.9,6.8
2016/1/9,2.8,11.6,7.3
2016/1/10,2.4,12.9,7.9
2016/1/11,3.8,10.5,7.1
2016/1/12,0.9,6.1,3.4
2016/1/13,-0.9,9.7,4.3
2016/1/14,0.2,11.4,6
2016/1/15,2,10.9,5.6
2016/1/16,1.8,11.8,6.5
2016/1/17,2.3,8.6,5.8
2016/1/18,0.2,6.2,2.8
2016/1/19,0.9,8.6,5.1
2016/1/20,-0.7,9.1,4.1
2016/1/21,1,9.5,5.4
2016/1/22,3,10.3,5.8
2016/1/23,2.6,6.4,3.9
2016/1/24,-1.2,9.2,3.3
2016/1/25,-2.6,8.4,2.9
2016/1/26,-1.3,9.6,3.8
2016/1/27,-1.1,13.4,6.3
2016/1/28,2.1,14,7.8
2016/1/29,2.6,7.8,5.4
2016/1/30,1.5,5,3.3
2016/1/31,1.3,11.2,6.1
2016/2/1,2.6,6.7,4.7
2016/2/2,2.6,10.7,6
2016/2/3,1.5,9.2,5
2016/2/4,1.1,9.5,5.1
2016/2/5,0.6,13.3,7.5
2016/2/6,4.4,9.9,6.7
2016/2/7,1.5,9.4,5
2016/2/8,1.3,9.3,4.4
2016/2/9,0.6,14.7,6.6
2016/2/10,1.6,10.8,6
2016/2/11,1.7,11.5,6
2016/2/12,1.5,11.9,7.2
2016/2/13,8.3,21.8,14
2016/2/14,15.1,23,18.5
2016/2/15,3.2,15.5,8.1
2016/2/16,1.2,10,5.6
2016/2/17,1.3,13.4,6.2
2016/2/18,1.1,10.7,6.2
2016/2/19,2.4,16.5,9.7
2016/2/20,6.5,11.2,8
2016/2/21,6.2,15.7,9.5
2016/2/22,4.9,9.8,6.7
2016/2/23,4.9,10,6.7
2016/2/24,2.5,7.7,5.8
2016/2/25,0.4,8.4,3.8
2016/2/26,0.1,11.4,5.8
2016/2/27,2.7,12.5,7.8
2016/2/28,3.7,15,8.7
2016/2/29,4.8,14.8,8.3
2016/3/1,2.1,10.3,5.2
2016/3/2,1.1,12.4,6.3
2016/3/3,2.3,16.4,9.2
2016/3/4,5.6,15.9,10.4
2016/3/5,7.7,16.3,10.7
2016/3/6,9,17.3,13.2
2016/3/7,12.8,15.5,14.1
2016/3/8,12.7,20.8,15.8
2016/3/9,3.8,14.9,8.7
2016/3/10,3.6,8.5,6.1
2016/3/11,3,6.1,4.6
2016/3/12,2.9,8.4,5.8
2016/3/13,3.9,9.2,6.7
2016/3/14,3.9,6.9,5.7
2016/3/15,4,14.1,8.1
2016/3/16,2.9,13.9,8.7
2016/3/17,6.4,20.4,13.1
2016/3/18,7.6,21.4,14.8
2016/3/19,13.6,16.7,14.9
2016/3/20,8.3,19,13.4
2016/3/21,6.9,13.8,9.5
2016/3/22,5.4,17.5,11
2016/3/23,7.5,18,11.5
2016/3/24,4.1,9.5,6.3
2016/3/25,2.5,14.4,8.1
2016/3/26,5.1,12.5,8
2016/3/27,6,16.1,10.4
2016/3/28,9,16.8,11.3
2016/3/29,7.4,18.6,13
2016/3/30,9.4,20,14.9
2016/3/31,8.9,20.2,14.9
2016/4/1,8.1,18.4,12.8
2016/4/2,7.7,13.3,10.5
2016/4/3,9.5,17,13.1
2016/4/4,9.7,21.9,15.6
2016/4/5,9.1,12.8,10.8
2016/4/6,7.3,20.2,14.6
2016/4/7,11.8,20.1,13.8
2016/4/8,11.5,22.9,16.1
2016/4/9,10.9,23.5,17.1
2016/4/10,12.2,23.9,17.2
2016/4/11,7.4,17.1,11.6
2016/4/12,5.1,15.1,10.5
2016/4/13,10.6,19,14.4
2016/4/14,13.1,17.6,15
2016/4/15,11,21.4,16.3
2016/4/16,10.1,20.9,15.8
2016/4/17,16.6,23.1,19.2
2016/4/18,13.8,26.8,18.9
2016/4/19,12,21.9,16.2
2016/4/20,9.8,19.3,14.9
2016/4/21,13.3,20.2,16.5
2016/4/22,13.2,23.7,17.3
2016/4/23,14,22.4,17.9
2016/4/24,12.1,19.1,15.7
2016/4/25,13.5,23.1,18.1
2016/4/26,14.2,25.1,19.2
2016/4/27,15.2,21.8,18.1
2016/4/28,13.3,15.4,14.4
2016/4/29,11.4,21.4,15.8
2016/4/30,10.5,21.7,16
2016/5/1,11.9,25,18.2
2016/5/2,13.2,21.4,17.4
2016/5/3,17.1,24.7,20.4
2016/5/4,18.7,27,22.1
2016/5/5,17.1,27.4,22.1
2016/5/6,15.2,22.5,18.1
2016/5/7,15.4,26.4,21.2
2016/5/8,17.2,27,21.3
2016/5/9,16.2,21.8,18.5
2016/5/10,16.1,22.6,18.4
2016/5/11,16,27.1,21.4
2016/5/12,17.5,28,21.7
2016/5/13,16.5,26.5,21.2
2016/5/14,14.4,24.8,19.8
2016/5/15,12.5,23.7,17.6
2016/5/16,14.2,23.3,19
2016/5/17,14.9,20.5,18.3
2016/5/18,13.1,27.6,20
2016/5/19,14.8,25.1,19.3
2016/5/20,14.4,20.8,17.2
2016/5/21,12.8,26.3,19.1
2016/5/22,16.9,29.3,22.4
2016/5/23,15.1,30.9,23.5
2016/5/24,18,29.3,23.4
2016/5/25,20.5,24.5,22.2
2016/5/26,20.3,27.2,23
2016/5/27,15.2,22.4,19.4
2016/5/28,15.1,24.1,19.3
2016/5/29,16.1,27.9,21.7
2016/5/30,15.4,21.3,17.4
2016/5/31,16.3,24.9,20.4
2016/6/1,18,26.4,21.5
2016/6/2,16.3,26,20.7
2016/6/3,14.2,24.2,19.4
2016/6/4,16.3,27.2,21.7
2016/6/5,16.4,23.4,19.3
2016/6/6,16.3,23.9,20
2016/6/7,18.4,20.9,19.6
2016/6/8,16.5,27.3,21.9
2016/6/9,19.6,23.7,21.2
2016/6/10,19.4,28.8,23.5
2016/6/11,17.9,29.1,23.5
2016/6/12,20.4,28.3,23.9
2016/6/13,18.3,22.7,19.8
2016/6/14,18.4,26.2,22.2
2016/6/15,19.6,22.2,20.8
2016/6/16,19.7,24.4,22.1
2016/6/17,19.4,29.2,24.2
2016/6/18,21.1,33,26.7
2016/6/19,21.4,29.3,24.3
2016/6/20,20.4,28.8,24.3
2016/6/21,21.2,25.7,22.7
2016/6/22,21.1,23.9,22.7
2016/6/23,21.4,26.9,23
2016/6/24,20.9,25.3,22.7
2016/6/25,21.9,28.7,25.4
2016/6/26,21.5,30,25.5
2016/6/27,20.9,28.9,24.4
2016/6/28,17.1,22.8,19.1
2016/6/29,19.1,24.2,21.5
2016/6/30,20.1,27.1,23
2016/7/1,22,30.6,25.6
2016/7/2,23.4,31.8,27
2016/7/3,24.6,35.4,29.2
2016/7/4,23.6,33.8,27.8
2016/7/5,20.2,25.6,21.7
2016/7/6,20.5,26.9,23.1
2016/7/7,21.9,36.7,27.4
2016/7/8,22.1,29.8,25.3
2016/7/9,20.3,24.9,22.4
2016/7/10,20.2,31.3,25.6
2016/7/11,22.3,33.5,28
2016/7/12,24.6,31.8,27.1
2016/7/13,23.5,27.6,25.1
2016/7/14,21.3,32.9,25.9
2016/7/15,21,24,22.2
2016/7/16,20.1,27.7,24.1
2016/7/17,23.6,28.8,25.9
2016/7/18,25,33.5,28.7
2016/7/19,23.7,32.3,27.3
2016/7/20,23.3,29.9,26.3
2016/7/21,20.9,24.3,21.8
2016/7/22,20.4,22.7,21.4
2016/7/23,19.8,27.1,22.4
2016/7/24,19,29,23.9
2016/7/25,21.1,27.9,24.7
2016/7/26,21.4,27.4,23.8
2016/7/27,22.4,27.3,24.5
2016/7/28,23.3,31.1,26.5
2016/7/29,22.9,32.4,27.2
2016/7/30,22.1,32.9,27.2
2016/7/31,24.4,30.8,27.5
2016/8/1,24.6,31.5,27.4
2016/8/2,22.5,29.4,25.9
2016/8/3,23.4,32,26.8
2016/8/4,24.4,33,28.1
2016/8/5,24.6,33.4,28.7
2016/8/6,25.8,34.2,29.1
2016/8/7,24.5,33.6,28.6
2016/8/8,25.3,33.2,28.5
2016/8/9,25.7,37.7,31.9
2016/8/10,26,34,29.1
2016/8/11,25.2,32.1,27.3
2016/8/12,24.2,31.9,26.7
2016/8/13,23.3,31.8,26.5
2016/8/14,23.5,30.4,26
2016/8/15,24.4,30.8,26.6
2016/8/16,23.7,33.1,26.9
2016/8/17,23,34.3,28.7
2016/8/18,25.2,31.6,26.9
2016/8/19,25,32.3,27.6
2016/8/20,24.1,30,25.7
2016/8/21,23.5,33.5,27.9
2016/8/22,23.2,28.3,25.7
2016/8/23,24.2,30.4,26.8
2016/8/24,23.5,31.2,26.5
2016/8/25,23.5,32.7,28
2016/8/26,24,32.8,28.3
2016/8/27,21.6,27,24.3
2016/8/28,21.3,24.6,22.6
2016/8/29,22.1,30.1,25.6
2016/8/30,22.5,28.1,25.1
2016/8/31,22.5,31.1,26.8
2016/9/1,22,32.5,27
2016/9/2,23,29.8,26.7
2016/9/3,24.6,32.5,27.2
2016/9/4,24,31.9,26.7
2016/9/5,24.8,33,28.4
2016/9/6,25.9,32.4,28.8
2016/9/7,25.4,30.3,27.1
2016/9/8,24.7,30.4,26.4
2016/9/9,22.6,32.5,27
2016/9/10,23.3,31.2,26.6
2016/9/11,20.8,25.1,23.2
2016/9/12,22.5,27.7,24.7
2016/9/13,21.4,23.9,22.6
2016/9/14,20.6,26.6,23.1
2016/9/15,22.2,26.4,24.1
2016/9/16,21.9,24.4,22.9
2016/9/17,21.6,29.4,25.3
2016/9/18,22.2,26.9,24.6
2016/9/19,19.2,22.9,21.3
2016/9/20,17.6,20.1,19.1
2016/9/21,17.6,23.2,20.1
2016/9/22,18.1,20.9,19.4
2016/9/23,19.4,22.1,20.8
2016/9/24,20.8,23.9,21.8
2016/9/25,20.3,28.4,23.6
2016/9/26,21.9,30.1,25.4
2016/9/27,22.8,29.8,25.6
2016/9/28,24,30.6,26.5
2016/9/29,21.7,27.9,24.6
2016/9/30,18.8,24.7,21.4
2016/10/1,17.6,21.8,19.7
2016/10/2,18.6,27.6,23.1
2016/10/3,20.1,26.5,22.7
2016/10/4,19.7,32,24.9
2016/10/5,21.5,26.4,24
2016/10/6,21.4,31.3,26
2016/10/7,19,24.9,21.4
2016/10/8,18.2,25.3,21.2
2016/10/9,18.6,25.7,22.3
2016/10/10,17.4,19.6,18.4
2016/10/11,16.2,20.1,17.6
2016/10/12,13.7,23.2,17.9
2016/10/13,15.3,18.2,16.5
2016/10/14,12.6,19.5,15.6
2016/10/15,11.8,22.7,16.7
2016/10/16,12.7,22.9,17.4
2016/10/17,15.7,19.5,17.5
2016/10/18,16.7,26.3,20.9
2016/10/19,18.4,23.9,20.8
2016/10/20,17,27.7,21.9
2016/10/21,15.4,21.4,18.2
2016/10/22,14.7,18.3,16.7
2016/10/23,14.7,22.3,18.1
2016/10/24,11.9,19.1,14.9
2016/10/25,10,17.2,14
2016/10/26,12.6,25.7,19.1
2016/10/27,13.2,23.3,19
2016/10/28,10.1,14.8,12.2
2016/10/29,11.6,20.8,15.5
2016/10/30,9.6,13.5,11.9
2016/10/31,9.8,19.1,14.3
2016/11/1,11.7,16.4,13.4
2016/11/2,8.6,12.2,10.9
2016/11/3,8.4,19.4,12.9
2016/11/4,8.5,18.8,14
2016/11/5,11.2,19.5,14.6
2016/11/6,9.9,20.8,14.8
2016/11/7,8.2,14.4,11
2016/11/8,6.1,13.6,9.9
2016/11/9,7.9,14.6,10.4
2016/11/10,7.6,13,9.6
2016/11/11,5.7,12.1,9
2016/11/12,10,18.8,13.6
2016/11/13,9.1,18.6,13.6
2016/11/14,11.5,16.7,13.7
2016/11/15,12.7,19.3,15.3
2016/11/16,10.7,14.8,12.5
2016/11/17,7.8,18.3,12.6
2016/11/18,6.1,15.7,11.3
2016/11/19,7.9,12,9.8
2016/11/20,8.9,20.4,13.6
2016/11/21,10.2,14.7,12.6
2016/11/22,10.3,19.3,14
2016/11/23,8.5,14.7,11.4
2016/11/24,0.9,8.6,2.8
2016/11/25,0.3,10.8,5.6
2016/11/26,3.2,13.1,8.3
2016/11/27,8.6,13.8,10.6
2016/11/28,9.4,14,11.1
2016/11/29,7.5,14.3,10.5
2016/11/30,4.8,11.8,8.8
2016/12/1,5.9,16.5,10
2016/12/2,8.7,15.5,11.5
2016/12/3,5.7,15.9,10.8
2016/12/4,7.3,16,11.6
2016/12/5,8.1,18.3,12.7
2016/12/6,7,17.1,10.8
2016/12/7,4.9,11.2,7.5
2016/12/8,3,13.9,8.6
2016/12/9,3.8,17.4,11.1
2016/12/10,5.6,12.2,8.5
2016/12/11,3.5,10.9,6.8
2016/12/12,2.6,10.5,7
2016/12/13,3.4,15.3,9.4
2016/12/14,5.3,11.3,8.1
2016/12/15,3.1,10.1,6.2
2016/12/16,1.5,9.8,4.8
2016/12/17,0,13.1,6.7
2016/12/18,3.2,14.9,8.2
2016/12/19,4.7,15.7,10
2016/12/20,5.9,14.5,9.6
2016/12/21,5.2,17,10.5
2016/12/22,6.6,20.2,14.6
2016/12/23,8.5,19.6,14
2016/12/24,5.4,11.9,8.6
2016/12/25,4.5,10.5,6.6
2016/12/26,3.8,11,6.9
2016/12/27,5.5,18.8,11.1
2016/12/28,2,9.4,6
2016/12/29,0.7,8,4.3
2016/12/30,2.6,10.2,6
2016/12/31,1.5,11.8,6.3
2017/1/1,2,13.8,7.4
2017/1/2,3.8,13.3,7.2
2017/1/3,3.5,13.7,8
2017/1/4,3.6,14,8.5
2017/1/5,3.7,10.4,6.7
2017/1/6,1.5,8.8,4.5
2017/1/7,0.1,8.7,4.1
2017/1/8,1.6,6,3.9
2017/1/9,3.8,11.1,7.2
2017/1/10,3.5,12.7,8.1
2017/1/11,3.9,11,6.9
2017/1/12,0.7,12.1,6
2017/1/13,1.4,12.7,6.2
2017/1/14,-1.3,6.3,2.4
2017/1/15,-2.3,4.7,0.7
2017/1/16,-2,8,3.2
2017/1/17,0.7,10.9,5.4
2017/1/18,1.1,10.3,5.8
2017/1/19,2.4,10.9,6.4
2017/1/20,2.2,3.8,3
2017/1/21,1.2,11,5.9
2017/1/22,0.9,12.9,6
2017/1/23,0.2,7.9,4
2017/1/24,-1.9,7.7,2.5
2017/1/25,-1.2,9.5,3.9
2017/1/26,-1.4,10.7,4.6
2017/1/27,1.4,16,8.8
2017/1/28,4.6,13.6,8.4
2017/1/29,4.8,12,8
2017/1/30,6.7,19.5,11.2
2017/1/31,2.8,10,5.9
2017/2/1,2.2,10.6,6
2017/2/2,0.9,9.7,4.5
2017/2/3,1,13.7,7.4
2017/2/4,4.4,13.4,8.2
2017/2/5,3.4,9.9,7.2
2017/2/6,3.3,15.7,8.7
2017/2/7,2.2,10,5.6
2017/2/8,1.9,11,6.3
2017/2/9,1,5.4,2.4
2017/2/10,1.5,9.3,4.3
2017/2/11,-1.6,10.1,4.1
2017/2/12,-0.4,11.2,5
2017/2/13,1,11.8,6.3
2017/2/14,2.1,11.8,6.1
2017/2/15,1.2,12.8,6.5
2017/2/16,1.3,13.7,7.3
2017/2/17,4.8,20.6,13.2
2017/2/18,6.4,10.7,8.1
2017/2/19,1.6,11.5,6.2
2017/2/20,1.8,19.7,9.9
2017/2/21,3.6,9.9,6.1
2017/2/22,1.1,10.6,7
2017/2/23,8.4,16.3,12.4
2017/2/24,5.2,11.3,7.4
2017/2/25,3.5,12.7,7.5
2017/2/26,3.3,14.2,8.6
2017/2/27,4.3,9.7,6.2
2017/2/28,3.2,10.1,5.5
2017/3/1,1.4,11.1,6.4
2017/3/2,5.4,8.7,6.8
2017/3/3,3.7,16,8.7
2017/3/4,3,14.6,8.7
2017/3/5,4.9,15.9,10.4
2017/3/6,7.6,11.5,9.3
2017/3/7,2.3,10.9,6.6
2017/3/8,0,11.8,5.5
2017/3/9,1.3,13,7.5
2017/3/10,3.2,14.8,8.6
2017/3/11,4.3,13.2,7.9
2017/3/12,3.1,12.2,7.6
2017/3/13,6,12.8,8.8
2017/3/14,6.4,11,8.1
2017/3/15,4,7.5,5.4
2017/3/16,1.9,15.5,8.2
2017/3/17,3.8,15.2,9.5
2017/3/18,3.6,16.2,10.3
2017/3/19,5.1,18.6,12.2
2017/3/20,7,18.7,12.6
2017/3/21,6.8,12.9,9.1
2017/3/22,5.7,15,9.8
2017/3/23,4.3,15.7,9.7
2017/3/24,4.6,13.9,8.5
2017/3/25,3.4,12.7,7.8
2017/3/26,4.8,8.1,5.9
2017/3/27,2.4,8.3,5
2017/3/28,3.2,14.9,8.6
2017/3/29,4.3,14.7,9.1
2017/3/30,6.3,17.8,11.9
2017/3/31,4.9,12.3,8.8
2017/4/1,4.6,8.9,6.3
2017/4/2,4.6,14.2,8.7
2017/4/3,6.4,16.1,9.9
2017/4/4,4.5,17.3,11.2
2017/4/5,7.7,20.7,14.7
2017/4/6,12.9,21.2,16.7
2017/4/7,15.5,21.6,17.5
2017/4/8,12.6,17.7,15.3
2017/4/9,11.1,15.2,13.8
2017/4/10,6.9,15.7,10.4
2017/4/11,6.4,10.7,8.5
2017/4/12,8.3,21.6,14.3
2017/4/13,6.7,17.6,12.3
2017/4/14,7.4,21.5,15
2017/4/15,14.2,24.2,18.6
2017/4/16,12,26.1,18.9
2017/4/17,13.8,26.1,18.3
2017/4/18,14.1,25.7,20
2017/4/19,12.7,26.1,18
2017/4/20,10.9,21.1,15.7
2017/4/21,13,19.2,15.6
2017/4/22,9.7,18.4,14.3
2017/4/23,8.8,20.3,13.6
2017/4/24,10.1,19.6,14.5
2017/4/25,12,21,16
2017/4/26,13.9,19.4,16.9
2017/4/27,12.1,19.4,14.7
2017/4/28,11.5,21.6,15.9
2017/4/29,10.2,23.4,16.2
2017/4/30,10.7,24.3,17.8
2017/5/1,13.6,26,17.7
2017/5/2,11.3,23.3,16.6
2017/5/3,12.3,22.4,17.1
2017/5/4,15,23.3,18.1
2017/5/5,14.6,25.6,19.6
2017/5/6,15.3,28.2,21.7
2017/5/7,13.8,24.3,19.9
2017/5/8,13.6,27.8,20.8
2017/5/9,16.3,21.9,19.1
2017/5/10,15.1,17.9,16.3
2017/5/11,14.8,27.4,21
2017/5/12,17.2,28.3,21.6
2017/5/13,16.1,20.1,17.8
2017/5/14,15.3,20.4,17.8
2017/5/15,15.4,22.6,17.7
2017/5/16,16.4,23.4,18.9
2017/5/17,14.8,19.7,17.2
2017/5/18,14.5,23.6,17.6
2017/5/19,14.6,26.3,20
2017/5/20,15.5,28.7,22.1
2017/5/21,17.6,30.9,23.8
2017/5/22,18.2,29,23.2
2017/5/23,19,27.4,22.5
2017/5/24,19.2,26.2,22.2
2017/5/25,18,24,20.9
2017/5/26,17.3,20.8,18.8
2017/5/27,18,27.3,20.9
2017/5/28,17.9,26.7,20.9
2017/5/29,17,26.9,21.5
2017/5/30,17.2,29.1,23.3
2017/5/31,20.7,27.5,23.6
2017/6/1,19.3,26.4,21.5
2017/6/2,18.3,29.1,23
2017/6/3,16,26.6,21.4
2017/6/4,16.7,26.7,21
2017/6/5,15.3,25.6,19.6
2017/6/6,15.4,24.2,19.6
2017/6/7,17.9,22.6,20.3
2017/6/8,19.2,25.8,22
2017/6/9,20.6,28.1,23.1
2017/6/10,20,30.6,24.6
2017/6/11,19.1,25.3,21.7
2017/6/12,16.6,26.3,20.5
2017/6/13,14.8,19.4,16.9
2017/6/14,15.2,24.6,19.3
2017/6/15,17.4,26,21.3
2017/6/16,17.5,29,22.4
2017/6/17,17.9,27.7,22.3
2017/6/18,17.7,22.5,19.5
2017/6/19,17.3,30.5,22.6
2017/6/20,16.5,28,22.7
2017/6/21,19.8,24.4,22.4
2017/6/22,20,27.9,24
2017/6/23,19.1,30.2,24.6
2017/6/24,21.9,29,24.6
2017/6/25,21.5,23.9,22.3
2017/6/26,20.3,25.9,23.1
2017/6/27,21.3,25.6,23.2
2017/6/28,20.2,25,22.4
2017/6/29,19.9,29.1,24.6
2017/6/30,22.1,25.7,23.8
2017/7/1,22.1,25.3,23.4
2017/7/2,20.9,32,25.7
2017/7/3,24.5,32.5,28.3
2017/7/4,23.5,29.9,26.8
2017/7/5,21.6,31.4,26.3
2017/7/6,23.2,30.7,26.2
2017/7/7,23,32.3,27
2017/7/8,22.8,33.7,27.9
2017/7/9,23,32.5,27.3
2017/7/10,23,32.1,27.4
2017/7/11,24.8,31.6,27.7
2017/7/12,25.6,33.1,28.9
2017/7/13,26,33.4,28.5
2017/7/14,25.4,32.4,28.2
2017/7/15,23.6,33.7,28.1
2017/7/16,25.1,34.9,28.9
2017/7/17,25.3,35,29.7
2017/7/18,22.7,32.7,26.3
2017/7/19,22.9,31.1,26.5
2017/7/20,24.9,32.3,28.2
2017/7/21,25.8,33.7,29.1
2017/7/22,25.8,32.5,28.7
2017/7/23,26.2,28.5,27.3
2017/7/24,26.7,32.9,29.1
2017/7/25,27,32.7,29.4
2017/7/26,23.2,28.2,24.6
2017/7/27,22.5,26.7,24.2
2017/7/28,22.5,32.3,26.8
2017/7/29,23.7,33.5,26.8
2017/7/30,23.3,29.2,25.6
2017/7/31,23.2,33,28
2017/8/1,22.7,31,26.3
2017/8/2,20.9,25.4,22.9
2017/8/3,20.2,28.9,24.3
2017/8/4,22,29.2,25.6
2017/8/5,24.6,31.9,27.8
2017/8/6,26.3,33.5,29
2017/8/7,25.9,33.2,28.7
2017/8/8,26.9,33.9,29.3
2017/8/9,25.9,37.1,30
2017/8/10,22.4,28.4,25.7
2017/8/11,21.7,24.8,22.9
2017/8/12,21,29.3,24.1
2017/8/13,23.1,31.2,26.9
2017/8/14,23.4,25.2,24.4
2017/8/15,22.4,26.3,23.7
2017/8/16,21.1,22.8,21.9
2017/8/17,20.9,28.2,24.2
2017/8/18,24,30.2,26.5
2017/8/19,22.4,30.3,26
2017/8/20,22.4,29.3,25.3
2017/8/21,24.1,31.5,27
2017/8/22,24.4,31.9,27.8
2017/8/23,24.7,33.7,29.4
2017/8/24,26.4,34.8,29.9
2017/8/25,25.8,34.9,30.4
2017/8/26,26.1,33.6,28.9
2017/8/27,23.2,30.6,26.6
2017/8/28,22.3,31.4,26.4
2017/8/29,25.2,32.2,28.7
2017/8/30,24.1,32.9,27.7
2017/8/31,20,24.2,21.6
2017/9/1,17.3,27.4,21.8
2017/9/2,16.8,24.5,20
2017/9/3,16.4,27.2,22.2
2017/9/4,18.9,22.5,20.6
2017/9/5,18.8,27.3,23
2017/9/6,19.8,22.8,21.6
2017/9/7,20.2,24,22.1
2017/9/8,21,28.2,23.8
2017/9/9,21.5,29.2,24.5
2017/9/10,21.6,29.9,25.3
2017/9/11,22.8,29.8,25.8
2017/9/12,22.7,27,24.8
2017/9/13,22.1,31.2,26.2
2017/9/14,22.6,31,25.7
2017/9/15,19.9,28.5,23.9
2017/9/16,18.1,22.9,20.5
2017/9/17,17.9,20.9,19
2017/9/18,20.3,33.3,27
2017/9/19,21.3,28.2,24.6
2017/9/20,21.4,25.7,23.3
2017/9/21,19.6,29.5,24.2
2017/9/22,19.3,26.1,21.9
2017/9/23,17.7,24,20.1
2017/9/24,18,26.3,21.9
2017/9/25,19.6,28.9,23.7
2017/9/26,20,28.2,23.8
2017/9/27,21,26.5,23.7
2017/9/28,16.2,24.7,19.2
2017/9/29,16,24.2,19.9
2017/9/30,17.6,24.2,20.1
2017/10/1,16.1,24.9,20.9
2017/10/2,19.6,25.1,22.3
2017/10/3,19.3,27.8,22.1
2017/10/4,15.4,21.3,18.3
2017/10/5,14.3,20.7,16.9
2017/10/6,14,18.6,15.7
2017/10/7,14.8,22.4,18
2017/10/8,17.3,26.4,20.9
2017/10/9,16.2,25.3,21
2017/10/10,18.1,28.6,22.8
2017/10/11,19.7,23.4,21.2
2017/10/12,18.7,29,23.1
2017/10/13,14.5,19.8,15.9
2017/10/14,13.7,15.4,14.6
2017/10/15,14.1,16,15
2017/10/16,11.8,14.3,12.7
2017/10/17,11.6,15.6,13.3
2017/10/18,11.2,19.5,14.5
2017/10/19,9.9,12.3,11
2017/10/20,11.4,17,14.3
2017/10/21,15.2,17.2,16.4
2017/10/22,16.8,18.1,17.4
2017/10/23,15,22.7,19
2017/10/24,13.4,18.2,15.1
2017/10/25,11.2,14.4,12.8
2017/10/26,10.3,20.2,14.4
2017/10/27,9.5,20.7,15.1
2017/10/28,13.4,16.5,14.4
2017/10/29,13.4,16.3,14.5
2017/10/30,10.5,18.9,15.3
2017/10/31,9.1,16.9,12.7
2017/11/1,9.8,19.1,13.1
2017/11/2,9.6,20.8,15.3
2017/11/3,12,21.9,16.2
2017/11/4,11.9,21.8,16.1
2017/11/5,10.1,17.8,13.3
2017/11/6,8,19.8,13.6
2017/11/7,9.3,21.2,15.5
2017/11/8,11.5,18.4,14.6
2017/11/9,10.5,18.8,14.4
2017/11/10,9.1,17.7,12.9
2017/11/11,11.3,20.7,16.4
2017/11/12,9.2,16.1,12
2017/11/13,7.6,16.5,11.8
2017/11/14,10.3,15.3,11.9
2017/11/15,10.2,17,12.8
2017/11/16,7.9,16.4,11.6
2017/11/17,5.5,13.6,9.9
2017/11/18,8.2,15.1,10.7
2017/11/19,4.7,12.3,8.6
2017/11/20,3.6,10.4,6.4
2017/11/21,3.7,11.9,7.9
2017/11/22,3.2,11.5,7.1
2017/11/23,6.1,14.5,9.4
2017/11/24,5.1,14.8,9.4
2017/11/25,3.7,14.4,9.1
2017/11/26,3.5,18.2,11.6
2017/11/27,7.7,14.5,11.4
2017/11/28,9.9,15,11.6
2017/11/29,7.3,19.2,12.7
2017/11/30,7.7,14.3,11
2017/12/1,6.7,10.2,8.5
2017/12/2,4.5,11.1,7.6
2017/12/3,5.2,12.5,8.2
2017/12/4,4.6,12.6,8.8
2017/12/5,4.4,14.5,9.2
2017/12/6,2.8,11.1,6.9
2017/12/7,2.7,11.5,6.4
2017/12/8,2.6,9.5,5.7
2017/12/9,1.2,10.4,5.9
2017/12/10,1.3,13.3,6.9
2017/12/11,5.1,16,9.9
2017/12/12,3.8,10.3,6.8
2017/12/13,2.6,10.4,5.9
2017/12/14,1.6,10.1,5.7
2017/12/15,3,8.3,5.4
2017/12/16,2.1,13.3,7.7
2017/12/17,3.3,9.3,6.1
2017/12/18,-0.2,9.5,4.4
2017/12/19,0.3,12.8,6.5
2017/12/20,2.3,9.4,5.7
2017/12/21,0.7,10.4,5.3
2017/12/22,1.5,10.9,5.4
2017/12/23,1,13.4,7.1
2017/12/24,4.5,10.8,7.4
2017/12/25,5.4,15,9.4
2017/12/26,3.6,12.6,7.5
2017/12/27,1,9.2,4.5
2017/12/28,1.1,9.8,4.8
2017/12/29,2.3,10.5,6.1
2017/12/30,1,11.1,6.2
2017/12/31,2.2,5.4,3.8
2018/1/1,0.4,13,6.2
2018/1/2,0.8,10.8,6.1
2018/1/3,2.3,8.6,4.9
2018/1/4,0,9.6,4.7
2018/1/5,0.8,6.3,3.7
2018/1/6,-1.4,10.5,4.6
2018/1/7,1.2,11.6,6.3
2018/1/8,3.2,9.5,5.5
2018/1/9,3.3,16,8.5
2018/1/10,3.3,11.1,7.5
2018/1/11,0.8,10.2,5.3
2018/1/12,-1.6,7,2.7
2018/1/13,-0.8,7.3,2.7
2018/1/14,0.4,8.4,4.1
2018/1/15,-1.1,12.4,4.2
2018/1/16,1.4,13.7,7.1
2018/1/17,4.4,9.1,6.9
2018/1/18,3,13.7,8.3
2018/1/19,6,11.2,8.4
2018/1/20,4.3,10.1,6.3
2018/1/21,2.3,12,7
2018/1/22,-0.5,5.3,1.7
2018/1/23,-0.7,10,3.7
2018/1/24,-1.8,7.3,2.2
2018/1/25,-4,4,0
2018/1/26,-3.1,5.1,0.5
2018/1/27,-1.8,7.3,2.6
2018/1/28,-0.8,5.5,1.7
2018/1/29,-1.9,9.7,3.7
2018/1/30,0.8,6.6,3.3
2018/1/31,-1,9.2,3.9
2018/2/1,0.6,6.3,3
2018/2/2,0.5,3.8,1.9
2018/2/3,1.6,7.8,4.5
2018/2/4,1.9,9.8,5.4
2018/2/5,0.5,8.1,4.3
2018/2/6,-1.6,8.2,3.3
2018/2/7,-1.8,9.1,3.4
2018/2/8,-0.7,9.2,3.6
2018/2/9,-1.4,9.5,4.2
2018/2/10,0.3,11.9,7
2018/2/11,4.2,14.9,8.5
2018/2/12,-0.7,9.7,4.4
2018/2/13,-1.2,9.7,3.9
2018/2/14,-0.2,11,6
2018/2/15,5.5,15.1,9.6
2018/2/16,3.4,10,6.3
2018/2/17,0.6,12.3,5.8
2018/2/18,-1.8,9.8,3.5
2018/2/19,1.5,10.7,5.7
2018/2/20,3.2,12.4,7.5
2018/2/21,3.5,8.6,5.9
2018/2/22,1.5,5.7,2.7
2018/2/23,1.8,8.1,3.7
2018/2/24,0.5,14.4,7.4
2018/2/25,2.9,8.9,5.6
2018/2/26,3.9,10.9,6
2018/2/27,3.9,12.8,7.7
2018/2/28,3.3,14.7,9.1
2018/3/1,6.7,20.3,12.4
2018/3/2,5.4,14.4,9.4
2018/3/3,3.2,16.2,9.7
2018/3/4,5.8,21.2,13.9
2018/3/5,9.7,19.9,15.6
2018/3/6,4.4,12.5,8.3
2018/3/7,2.8,8.3,5.2
2018/3/8,3.6,9.8,5.9
2018/3/9,6.4,17.5,11.6
2018/3/10,4.4,11.8,7.3
2018/3/11,5.5,16.1,9.2
2018/3/12,5.2,15.9,9.9
2018/3/13,5.3,17.5,11.6
2018/3/14,7.2,21.5,14.3
2018/3/15,9,22.1,15.9
2018/3/16,5.7,17.5,13.2
2018/3/17,3.1,12.1,7.4
2018/3/18,5.4,15.8,11.3
2018/3/19,8.7,18,13
2018/3/20,6.5,11.1,8.4
2018/3/21,1.7,6.6,3.8
2018/3/22,4.1,14.5,9.5
2018/3/23,7.8,18.8,11.9
2018/3/24,7.1,16.8,11.3
2018/3/25,6.6,19.3,13
2018/3/26,8.2,21.8,14.1
2018/3/27,10.1,22.1,15.7
2018/3/28,11.1,22.9,17.2
2018/3/29,12.4,24.2,18.1
2018/3/30,9.6,18.4,13.8
2018/3/31,8.3,18.1,13.4
2018/4/1,9.6,21.9,16
2018/4/2,12.3,24.5,17.9
2018/4/3,14.3,23.4,17.9
2018/4/4,14.7,26.2,20.1
2018/4/5,11.6,15.3,13.3
2018/4/6,11.6,22.4,18.1
2018/4/7,10.2,21.8,16.2
2018/4/8,7.2,16.8,11.9
2018/4/9,5.5,19.9,13.7
2018/4/10,8,19.1,13.6
2018/4/11,12.4,21.9,17.6
2018/4/12,13.9,25.9,19.1
2018/4/13,11.9,20.9,15.5
2018/4/14,11.4,18.8,15.2
2018/4/15,13.5,22.1,17.9
2018/4/16,11.7,20,14.7
2018/4/17,11,15,12.7
2018/4/18,10.4,16,12.7
2018/4/19,10.2,22.2,16.2
2018/4/20,12.3,26.4,18.7
2018/4/21,12.8,26,18.9
2018/4/22,13.9,28.3,20.5
2018/4/23,15.1,18.7,16.5
2018/4/24,15.4,21.3,18
2018/4/25,16.6,22.5,19
2018/4/26,14.8,25,18.9
2018/4/27,15.1,22,18.5
2018/4/28,15.2,26.1,20.1
2018/4/29,14,25.6,20.1
2018/4/30,16.7,25.7,20.8
2018/5/1,16.7,28.1,22.3
2018/5/2,17.1,25.3,20.4
2018/5/3,16.8,27.4,21.9
2018/5/4,13.2,23.8,18
2018/5/5,11.5,24.3,18.3
2018/5/6,14.4,26.5,21
2018/5/7,13.9,21.6,17.9
2018/5/8,11.4,14.6,12.9
2018/5/9,10.3,14.3,12.1
2018/5/10,10,15.8,12.1
2018/5/11,9,22.4,16.4
2018/5/12,12.9,24.6,18.8
2018/5/13,14.6,21.4,17.9
2018/5/14,15.2,28.6,21.1
2018/5/15,14.8,28.4,22.3
2018/5/16,18.8,29,23.5
2018/5/17,21.4,28.4,24
2018/5/18,20,27.1,23.4
2018/5/19,15.3,26.3,21.5
2018/5/20,13.1,22.1,16.8
2018/5/21,13.7,27.2,20.3
2018/5/22,15,27.3,21
2018/5/23,17,22,18.6
2018/5/24,16.1,25.7,20.7
2018/5/25,18.7,27.1,22.8
2018/5/26,18,25.2,21.4
2018/5/27,16.2,26.9,21.3
2018/5/28,18.8,26,21.6
2018/5/29,19.3,27.6,23
2018/5/30,17.4,25,21.1
2018/5/31,16.5,22,19.5
2018/6/1,17.3,27.5,21.7
2018/6/2,16.9,27.2,21.9
2018/6/3,17.3,28.6,22.5
2018/6/4,18.5,29.1,23.5
2018/6/5,18.2,28.3,23.2
2018/6/6,18.3,22.8,20.3
2018/6/7,18.2,27.3,22.2
2018/6/8,19.3,27.5,23.7
2018/6/9,21.2,32,25.7
2018/6/10,18.6,22,20
2018/6/11,18.1,19.9,18.9
2018/6/12,17.8,26.4,20.5
2018/6/13,18.3,27,21.5
2018/6/14,18.6,25.2,20.6
2018/6/15,15.4,20,17.6
2018/6/16,14.2,18.4,15.9
2018/6/17,15.1,22.5,18.7
2018/6/18,17.7,21.2,19.4
2018/6/19,18.2,28.8,22.7
2018/6/20,19.4,21.7,20.8
2018/6/21,19,24.4,21.2
2018/6/22,19.4,28.1,23.1
2018/6/23,17.9,23,20.6
2018/6/24,18.4,27,21.3
2018/6/25,19.7,32.6,26.2
2018/6/26,22.3,30.1,25.7
2018/6/27,24.9,31.7,27.7
2018/6/28,25.2,31.9,27.4
2018/6/29,25.4,32.9,28.2
2018/6/30,25.2,32.7,28.6
2018/7/1,25.4,32,28.1
2018/7/2,24,33.5,28.8
2018/7/3,25.6,32.7,28.4
2018/7/4,25.5,31.2,27.6
2018/7/5,24.8,28.7,26.7
2018/7/6,19.1,25,21.7
2018/7/7,19.3,29.6,25
2018/7/8,24.5,32.2,27.4
2018/7/9,24.2,31.6,27.3
2018/7/10,25.4,32.8,28.5
2018/7/11,25.2,34.2,29
2018/7/12,23.1,30,26.6
2018/7/13,25.5,33.8,29.1
2018/7/14,26.2,35.4,30.1
2018/7/15,26.3,34.5,29.7
2018/7/16,26.3,34.4,29.9
2018/7/17,26.9,34.8,29.9
2018/7/18,26.7,35.3,30.5
2018/7/19,26.6,34.8,29.9
2018/7/20,27,34.2,29.9
2018/7/21,26.9,34.9,30.5
2018/7/22,26.6,35.6,31
2018/7/23,28.5,39,32.2
2018/7/24,26.3,35.3,29.8
2018/7/25,25.7,32.2,28.1
2018/7/26,24.3,30.7,26.5
2018/7/27,23.5,28.5,25.4
2018/7/28,20.1,28,24
2018/7/29,25.4,32.3,27.9
2018/7/30,25,31.9,28
2018/7/31,24.4,33.8,28.4
2018/8/1,24.8,35.1,30.3
2018/8/2,26.7,37.3,31.2
2018/8/3,27.3,35.4,30.5
2018/8/4,26.1,34.1,29.8
2018/8/5,27.2,34.7,30.4
2018/8/6,25,34,28.7
2018/8/7,20.8,25,22.2
2018/8/8,21.6,25.1,23.6
2018/8/9,23.8,32.1,27.4
2018/8/10,27,34.5,29.8
2018/8/11,26,33.6,28.7
2018/8/12,25.6,31.1,27.7
2018/8/13,24.6,34.1,27.5
2018/8/14,23.9,34.1,28.8
2018/8/15,27.2,33.1,29.7
2018/8/16,25.8,32.3,29.1
2018/8/17,21.3,30,26.3
2018/8/18,18.3,27.2,22.7
2018/8/19,19.4,28.6,23.6
2018/8/20,20.9,27.6,24.7
2018/8/21,23.7,33.6,28.2
2018/8/22,26.9,34.1,29.7
2018/8/23,26.2,33.7,29.4
2018/8/24,26.3,31.4,28.2
2018/8/25,27.6,35.6,31.1
2018/8/26,26.4,36,31
2018/8/27,24.5,35.8,29.4
2018/8/28,23.5,30.5,26.6
2018/8/29,24.1,29.2,26.1
2018/8/30,25,34,28.8
2018/8/31,25.1,35.4,28.7
2018/9/1,21,31.4,25.9
2018/9/2,20.7,23.7,22.1
2018/9/3,22,26.1,23.6
2018/9/4,22.8,28.7,26.5
2018/9/5,22.5,32,27.6
2018/9/6,24.8,31.5,27.6
2018/9/7,24.9,30.4,27.5
2018/9/8,26.3,33,28.8
2018/9/9,26.1,32.1,28.3
2018/9/10,21.4,30.6,25.5
2018/9/11,19.3,23.9,21.4
2018/9/12,18.1,24.4,21
2018/9/13,18.5,27.3,22.4
2018/9/14,19.9,24.9,21.9
2018/9/15,19.1,22.2,20.5
2018/9/16,20.1,27.4,23.1
2018/9/17,21.1,31.2,24.7
2018/9/18,20.3,28.1,23.3
2018/9/19,18.2,27.4,22.2
2018/9/20,15.4,24,19.9
2018/9/21,15.6,19,17.7
2018/9/22,18.7,25.8,21.5
2018/9/23,21.8,28.4,24.5
2018/9/24,21.2,28.6,24.4
2018/9/25,18.6,25.2,21.3
2018/9/26,15.7,19.9,17.7
2018/9/27,14.7,17.5,15.9
2018/9/28,14.1,26,19.7
2018/9/29,17.2,21.3,18.8
2018/9/30,16.9,27,20.4
2018/10/1,20.4,32.3,26.1
2018/10/2,17.5,26.9,22
2018/10/3,18.1,23.3,21
2018/10/4,18.7,21.4,20.1
2018/10/5,17.8,20.1,18.7
2018/10/6,18.4,29.3,23.7
2018/10/7,23.9,32.3,27.5
2018/10/8,18.7,24.1,21.9
2018/10/9,17.9,26.4,21.9
2018/10/10,18.7,26.4,22.4
2018/10/11,19.7,23.7,21.7
2018/10/12,18.4,22.5,20
2018/10/13,15.6,18.5,17.4
2018/10/14,13.2,19.6,16.4
2018/10/15,16.2,21.1,18.1
2018/10/16,15.5,21.2,18.4
2018/10/17,14.9,22.3,18.2
2018/10/18,13.7,21.7,17.2
2018/10/19,14.3,20.1,16.6
2018/10/20,13,22,16.6
2018/10/21,12.8,21.6,16.6
2018/10/22,11.6,21.6,16.6
2018/10/23,12.6,16,14.6
2018/10/24,13.7,22.7,17.7
2018/10/25,14,22.4,18.1
2018/10/26,14.8,21.6,18
2018/10/27,15.9,24.4,19.1
2018/10/28,13.9,21.1,16.9
2018/10/29,12.2,22.2,17
2018/10/30,11.8,22.9,17
2018/10/31,11.9,19.9,15
2018/11/1,11.5,19.5,14.7
2018/11/2,10.1,18.8,14.5
2018/11/3,10.6,20.2,14.9
2018/11/4,13,16.4,14.8
2018/11/5,14.5,21.9,18
2018/11/6,16.2,21.1,17.6
2018/11/7,13.8,20,16.6
2018/11/8,13.1,20.7,16.9
2018/11/9,14.2,17.3,15.6
2018/11/10,15,22.8,18.1
2018/11/11,13.5,20.1,16.3
2018/11/12,12.8,19,15.7
2018/11/13,12.6,16.6,14.9
2018/11/14,10.1,16.7,13.6
2018/11/15,8.7,17,12.5
2018/11/16,8.1,17.2,13
2018/11/17,11.1,19.5,14.9
2018/11/18,10.8,17.2,13.8
2018/11/19,10.8,16.3,13.4
2018/11/20,8.2,15.3,11.3
2018/11/21,5.8,16.3,11.6
2018/11/22,7.9,13.5,10.7
2018/11/23,6.6,15.3,10.8
2018/11/24,7.5,12.1,9.4
2018/11/25,6.5,14.5,10.1
2018/11/26,7.1,17.7,12.4
2018/11/27,11.5,17.9,13.8
2018/11/28,8.9,18.1,14.1
2018/11/29,10.8,15.3,12.8
2018/11/30,8.1,16,12.4
2018/12/1,7.7,17.2,12
2018/12/2,7.7,11.6,10
2018/12/3,9.7,17,13.2
2018/12/4,12.3,23.4,17.7
2018/12/5,13.1,20.2,16.8
2018/12/6,8.3,13.2,10.1
2018/12/7,9,16.4,12.2
2018/12/8,6.3,12.2,9.3
2018/12/9,5.5,10.5,7.8
2018/12/10,4.1,8.4,5.9
2018/12/11,1.4,7.3,4.7
2018/12/12,3.2,10.8,6.9
2018/12/13,4.2,9.6,6.7
2018/12/14,2.5,10.3,6.3
2018/12/15,2.6,9.5,6.1
2018/12/16,0.4,5.8,3.3
2018/12/17,3,11.5,6.6
2018/12/18,5.1,12.8,8.9
2018/12/19,3.7,12.7,8.2
2018/12/20,4.2,14.1,8.7
2018/12/21,3.9,13.7,8.9
2018/12/22,6.5,11,9
2018/12/23,7.5,12.6,9.9
2018/12/24,4.3,11.3,8.2
2018/12/25,2.6,9.4,5.8
2018/12/26,1.2,11.7,7.3
2018/12/27,4.9,13.2,9
2018/12/28,1.8,8.4,4.8
2018/12/29,-0.7,9.8,4.3
2018/12/30,0.1,10.1,4.8
2018/12/31,0.8,8.9,4.9
2019/1/1,0.9,10.7,5.3
2019/1/2,2.2,10.9,6.2
2019/1/3,-0.3,10.9,4.9
2019/1/4,0.2,9.8,5.1
2019/1/5,0.9,14,7.4
2019/1/6,2.4,8,5.3
2019/1/7,0.4,10.6,5.4
2019/1/8,0.7,9.8,4.6
2019/1/9,1,8,4.5
2019/1/10,-1.2,5.2,2
2019/1/11,-0.2,12.2,6.4
2019/1/12,2.7,6.2,4.6
2019/1/13,3.9,10.1,6.2
2019/1/14,1.3,9.8,5.6
2019/1/15,0.4,10.5,5.6
2019/1/16,1.8,11.3,6.6
2019/1/17,2,11.6,6.6
2019/1/18,2.8,10,5.9
2019/1/19,1.9,11.7,6.6
2019/1/20,1.8,12,7.1
2019/1/21,2.5,10.5,5.8
2019/1/22,-0.2,10.6,5
2019/1/23,1.7,11.2,6.7
2019/1/24,3.4,10.2,6.2
2019/1/25,2.8,10,6
2019/1/26,1.5,9.9,4.5
2019/1/27,1.1,9.7,4.6
2019/1/28,0,13.2,6.5
2019/1/29,3,9.9,6
2019/1/30,0.2,10,5.2
2019/1/31,1.7,11.2,5.1
2019/2/1,1.3,8.3,4.1
2019/2/2,-0.9,12.6,6
2019/2/3,3,13.4,8.5
2019/2/4,6.7,19.4,13.2
2019/2/5,5.3,8.8,6.7
2019/2/6,3.9,7.7,5.7
2019/2/7,3.9,16.5,9.6
2019/2/8,3.3,10.6,6.1
2019/2/9,-0.5,3.5,0.8
2019/2/10,-1.2,7.9,3.5
2019/2/11,0.4,4.6,3
2019/2/12,0.9,11.1,6.2
2019/2/13,3.3,8.6,5.2
2019/2/14,1.8,8.5,4.5
2019/2/15,0,5.3,3
2019/2/16,2,13.9,6.8
2019/2/17,3.4,11.8,6.4
2019/2/18,2,14.6,8.2
2019/2/19,6.1,12.8,9.1
2019/2/20,5.4,19.5,11.6
2019/2/21,7.3,14.8,10.3
2019/2/22,4.1,13.7,9.3
2019/2/23,5.6,14.7,8.9
2019/2/24,2.3,13.6,8.8
2019/2/25,6.6,17.1,11.3
2019/2/26,7.8,12.5,10.2
2019/2/27,4,10.6,7.7
2019/2/28,5.1,7.6,6.6
2019/3/1,6.5,13.1,8.8
2019/3/2,6.4,14.7,10.3
2019/3/3,4.4,10.4,6.5
2019/3/4,5.4,9.5,7.3
2019/3/5,4.3,15.8,9.6
2019/3/6,8,14.2,10.8
2019/3/7,4.3,10.3,8.2
2019/3/8,3.9,12.5,7.3
2019/3/9,2.3,16.9,10
2019/3/10,6.9,16.4,12.5
2019/3/11,9.4,17.8,12.3
2019/3/12,8.3,17.1,12.4
2019/3/13,5.6,19.1,11.7
2019/3/14,3.3,14.3,8.4
2019/3/15,4.1,15,9.7
2019/3/16,6.4,13.9,8.9
2019/3/17,3.5,15.3,9.1
2019/3/18,4.1,14.5,9.7
2019/3/19,6.3,19.2,13.2
2019/3/20,8.5,21.5,15
2019/3/21,13.9,22.3,17.7
2019/3/22,8.7,23.9,16.2
2019/3/23,4.4,9,7.1
2019/3/24,1.1,15.4,8.2
2019/3/25,3.9,15,9.9
2019/3/26,9.7,15.9,11.9
2019/3/27,7.3,19.7,14.2
2019/3/28,9,16.9,13.6
2019/3/29,6.8,9.3,7.7
2019/3/30,7.2,11.7,8.7
2019/3/31,7.3,16.3,10.5
2019/4/1,4.2,16.2,8.8
2019/4/2,2.3,13.1,7.2
2019/4/3,2.7,14.1,8.1
2019/4/4,3.4,16.7,10.6
2019/4/5,6.7,22.5,15.4
2019/4/6,11,21.6,15.9
2019/4/7,10.4,21.6,15.5
2019/4/8,5.9,14.8,9.3
2019/4/9,4.3,16.9,10.3
2019/4/10,3.6,10.2,5.7
2019/4/11,4.4,16.7,10.4
2019/4/12,7.5,12.6,9.6
2019/4/13,5.5,18.2,12.1
2019/4/14,9.7,18.3,14.7
2019/4/15,11.6,22.7,16
2019/4/16,10.1,21,15.3
2019/4/17,11,19.5,15.5
2019/4/18,13.4,23.5,17.5
2019/4/19,14.3,23.6,18.3
2019/4/20,9.8,19.1,14.2
2019/4/21,12.2,23.1,17.5
2019/4/22,14.4,25.6,19.2
2019/4/23,15.3,23.3,18.7
2019/4/24,17.5,20.6,19.1
2019/4/25,18.1,24.3,20.3
2019/4/26,9.5,20,11.6
2019/4/27,8,13.2,10.2
2019/4/28,6,18.7,12.6
2019/4/29,10.5,19.8,14.8
2019/4/30,12.8,17.4,14.8
2019/5/1,14.3,23.4,17.4
2019/5/2,13.8,23.9,17.3
2019/5/3,11,25,18.5
2019/5/4,14.1,24.8,18.4
2019/5/5,12.5,25.2,18.9
2019/5/6,15.1,22.1,18.8
2019/5/7,10.8,20.9,15.3
2019/5/8,7.9,22.7,16.5
2019/5/9,14.3,22.7,18.6
2019/5/10,13.9,27.1,20.6
2019/5/11,15.3,27.8,20.9
2019/5/12,14.5,22.2,17.6
2019/5/13,13.3,22.6,17.7
2019/5/14,16.1,19.3,17.9
2019/5/15,15.7,23.8,18.7
2019/5/16,16,24.6,20
2019/5/17,15.3,25.9,20
2019/5/18,15.6,25.6,20.3
2019/5/19,17.5,25.2,20.5
2019/5/20,16.5,25,20.5
2019/5/21,16.3,21.9,19.4
2019/5/22,14.1,25.2,19.4
2019/5/23,15.2,27,21.3
2019/5/24,16.4,31,23.1
2019/5/25,17,31.9,24.4
2019/5/26,18.6,32.6,25.2
2019/5/27,19.9,32.4,26.1
2019/5/28,19.1,28.1,23.5
2019/5/29,16.8,25.1,20.2
2019/5/30,16.6,26,21.2
2019/5/31,19.5,24.2,21.6
2019/6/1,18.6,25.7,21.8
2019/6/2,19,25,22
2019/6/3,18.7,27,22.2
2019/6/4,17.6,27.7,22.4
2019/6/5,20,25.8,22.6
2019/6/6,18.7,32.3,25.2
2019/6/7,19,23.4,21
2019/6/8,18.7,25.4,20.8
2019/6/9,15.9,20.7,17.5
2019/6/10,14.9,17.4,16.2
2019/6/11,15,23.6,18.3
2019/6/12,14.5,21.5,18
2019/6/13,13.9,26.4,20.7
2019/6/14,17.7,26.8,22.2
2019/6/15,16.2,20.9,17.3
2019/6/16,16.9,30.7,23.5
2019/6/17,17.4,28.7,23.6
2019/6/18,20,27.7,23.4
2019/6/19,18.8,28.6,23.5
2019/6/20,21.1,29.1,24.1
2019/6/21,22.3,29.5,24.6
2019/6/22,20.6,25.3,22.2
2019/6/23,19.6,24,21.4
2019/6/24,17.8,21,19.1
2019/6/25,17.2,27.3,22.3
2019/6/26,20.4,28.9,24.7
2019/6/27,22.8,28.7,25.6
2019/6/28,21.4,30.7,25.2
2019/6/29,19,21.5,20.2
2019/6/30,20.3,23.6,21.6
2019/7/1,21,24.3,22.7
2019/7/2,21.5,28.1,23.8
2019/7/3,22.2,29.1,24.9
2019/7/4,19.9,25.2,22.7
2019/7/5,19,24.5,21.9
2019/7/6,19.2,23.7,21
2019/7/7,17.9,20.8,19.2
2019/7/8,17.7,24.8,20.3
2019/7/9,18.5,21.8,19.7
2019/7/10,18.5,24.8,21
2019/7/11,17.9,23.6,19.9
2019/7/12,18.2,21.9,20.2
2019/7/13,20,27.3,23.4
2019/7/14,20.2,22.5,21.3
2019/7/15,19.4,25,21.3
2019/7/16,19,22.1,20.5
2019/7/17,20.3,28.7,23.9
2019/7/18,22.2,29.7,25.6
2019/7/19,23,31.4,26.7
2019/7/20,24.4,29.5,26.5
2019/7/21,22.7,28.2,25
2019/7/22,21.6,24,22.7
2019/7/23,22.4,29.3,24.5
2019/7/24,23.7,31.6,26.8
2019/7/25,24.4,32.4,28
2019/7/26,25.6,33.1,28.5
2019/7/27,25.1,31.4,28
2019/7/28,25,32.3,27.7
2019/7/29,25.3,33.7,29
2019/7/30,26,33.6,29.5
2019/7/31,26.5,34.6,30
2019/8/1,26.3,35,30.5
2019/8/2,27.1,35.1,30.2
2019/8/3,25.7,33.7,29.4
2019/8/4,25.3,34.3,29.4
2019/8/5,25.1,34.9,29.8
2019/8/6,27.5,35,30.3
2019/8/7,26.7,35.6,30.4
2019/8/8,26,35.5,29.9
2019/8/9,26.2,35.6,30.1
2019/8/10,25.7,34.4,29.6
2019/8/11,25.3,35.6,29.4
2019/8/12,25.6,33.2,28.8
2019/8/13,26.9,35.5,29.3
2019/8/14,27.1,32.4,29.2
2019/8/15,25.9,32.6,29.2
2019/8/16,28,31.6,29
2019/8/17,27.3,35.5,30.3
2019/8/18,26.5,35.2,30.1
2019/8/19,25.7,32.2,28.1
2019/8/20,24.1,31.1,26.5
2019/8/21,23.6,31.4,27
2019/8/22,23.2,29.5,26
2019/8/23,24,28.5,26.3
2019/8/24,24,31.4,27.3
2019/8/25,20.7,31.1,25.8
2019/8/26,22.9,28.5,25.3
2019/8/27,22.8,29.4,25.3
2019/8/28,23.2,28.1,25.6
2019/8/29,24.7,34.6,28.9
2019/8/30,24.2,28,26
2019/8/31,24.3,31.7,27.3
2019/9/1,25,32.1,27.7
2019/9/2,24.1,31.8,27.6
2019/9/3,22.6,28.5,25.8
2019/9/4,22.5,26.5,23.7
2019/9/5,23,29.6,25.7
2019/9/6,23.1,32.9,27.9
2019/9/7,24.8,33.5,28.4
2019/9/8,25.3,33.3,29.1
2019/9/9,24.5,36.2,29
2019/9/10,25.4,35.6,29.9
2019/9/11,24.3,32.3,27.4
2019/9/12,22.7,28.7,25.1
2019/9/13,20.3,23.6,22.4
2019/9/14,19.5,25.1,22.1
2019/9/15,20.3,31.1,25.2
2019/9/16,21.4,25.3,22.9
2019/9/17,22.3,31.1,25.8
2019/9/18,18.4,24.8,21.2
2019/9/19,17.1,27.7,22.1
2019/9/20,19.7,27.3,22.8
2019/9/21,19.9,24.1,21.8
2019/9/22,18.4,28.5,22.4
2019/9/23,20.4,30.7,26
2019/9/24,22.6,30.9,25.4
2019/9/25,20.8,28.9,24.3
2019/9/26,19.6,27.4,22.8
2019/9/27,18.2,28.1,23
2019/9/28,20,29.6,24.4
2019/9/29,22.4,27.7,24.7
2019/9/30,21.4,29.7,25.2
2019/10/1,20.9,30.1,24.5
2019/10/2,20.4,29.6,23.9
2019/10/3,20.6,28.3,24.5
2019/10/4,21.5,29.4,24.8
2019/10/5,21.5,30.3,26.1
2019/10/6,18.7,23.3,20.5
2019/10/7,17.3,25,20
2019/10/8,18.2,27.1,21.7
2019/10/9,17,25.1,20.8
2019/10/10,15,25.2,19.4
2019/10/11,16.3,21.7,19.6
2019/10/12,20.7,25.2,23.3
2019/10/13,19.4,28.5,24.5
2019/10/14,15.4,20.2,17
2019/10/15,16.2,23,18.4
2019/10/16,14.6,18.5,16.1
2019/10/17,15.1,18.4,16.2
2019/10/18,14.9,19.5,16.5
2019/10/19,14.6,20.2,17.4
2019/10/20,17.7,23.9,20.1
2019/10/21,14.9,21.3,18.2
2019/10/22,14.2,17.2,15.4
2019/10/23,12.4,24.8,18.5
2019/10/24,14.6,21,18.1
2019/10/25,14.5,16.3,15.1
2019/10/26,13.3,24.5,18.1
2019/10/27,15.8,22.5,18.3
2019/10/28,15,21.4,17.4
2019/10/29,12.6,16.3,14.5
2019/10/30,12.1,22.7,16.5
2019/10/31,14,22,16.8
2019/11/1,12.2,23.9,17.4
2019/11/2,10.9,19.9,15.7
2019/11/3,12.7,18.9,15.8
2019/11/4,11,20.2,14.6
2019/11/5,9,19.2,13.7
2019/11/6,8.8,21.2,14.3
2019/11/7,9.8,22.6,16
2019/11/8,11.9,19.2,15.1
2019/11/9,11.3,17.4,13.3
2019/11/10,9.2,18.6,13.9
2019/11/11,10.8,17.9,12.9
2019/11/12,9.2,21.8,15.1
2019/11/13,11.3,16.1,13.3
2019/11/14,11.6,22.3,16.9
2019/11/15,9.7,17.1,12.6
2019/11/16,7.8,18.9,12.8
2019/11/17,8.2,19.7,13.4
2019/11/18,9.4,21.4,16.1
2019/11/19,11.7,20.7,15.8
2019/11/20,9.6,15.9,12
2019/11/21,8.5,15.7,11.3
2019/11/22,6.3,10.8,8.1
2019/11/23,9.2,13,11.3
2019/11/24,12.9,19.1,15.9
2019/11/25,12.1,21.9,16.6
2019/11/26,7.3,12.5,8.8
2019/11/27,7.8,10.7,9.3
2019/11/28,4.6,11.8,8.5
2019/11/29,1.6,9.7,5.2
2019/11/30,3.1,12,7.3
2019/12/1,4.7,11.5,7.4
2019/12/2,6.2,16.4,9.5
2019/12/3,9.1,17,11.8
2019/12/4,5.7,15.3,10.2
2019/12/5,5.6,14.5,9.6
2019/12/6,6,10.4,8
2019/12/7,4.4,7.1,5.5
2019/12/8,2.2,13.2,7.4
2019/12/9,3.5,9.5,6.4
2019/12/10,6.6,14.3,10.2
2019/12/11,8.3,15.3,11.7
2019/12/12,7.8,18.9,11.7
2019/12/13,6.5,9.4,7.5
2019/12/14,2.9,16,9.4
2019/12/15,5.5,12.5,8.7
2019/12/16,2.9,12.3,7.8
2019/12/17,6,9.7,8.2
2019/12/18,6.5,15.4,11.1
2019/12/19,8,11.1,9
2019/12/20,6,16.1,10.6
2019/12/21,6.5,9.5,8.1
2019/12/22,5.1,9,6.8
2019/12/23,3.5,12,6.8
2019/12/24,5,12.6,8.2
2019/12/25,4.2,8.9,5.9
2019/12/26,3.8,11.5,7.8
2019/12/27,4.5,13.7,8.7
2019/12/28,3.8,10.9,6.8
2019/12/29,2.2,10.9,7
2019/12/30,5.1,8.8,6.7
2019/12/31,3.7,16.5,8.2
2020/1/1,3.2,10.2,5.5
2020/1/2,1.9,11.3,6.2
2020/1/3,1.4,12,6.1
2020/1/4,3.6,12.2,7.2
2020/1/5,0.6,10.2,5.4
2020/1/6,3.1,12.2,7.5
2020/1/7,3.9,8.2,5.7
2020/1/8,3.8,7.6,5.2
2020/1/9,4.6,14.9,10.6
2020/1/10,5.5,12.6,8.4
2020/1/11,5.2,10.5,7
2020/1/12,2.5,10.2,6.7
2020/1/13,4.6,13.7,8.5
2020/1/14,4.7,13.5,8.4
2020/1/15,4.9,9.4,6.8
2020/1/16,3.9,10.9,6.7
2020/1/17,3.9,11.1,7.3
2020/1/18,1.5,7.2,3.8
2020/1/19,1.9,11.1,6.5
2020/1/20,2,14.1,7.5
2020/1/21,3.9,11.8,7.4
2020/1/22,2,7.3,4.9
2020/1/23,4.1,8.7,6.1
2020/1/24,7.4,13.4,9.9
2020/1/25,5.9,10.2,7.8
2020/1/26,2.7,7.6,5
2020/1/27,2.9,6.5,5.1
2020/1/28,0.6,7,4.4
2020/1/29,6.9,18.6,11.8
2020/1/30,6.8,17.5,11.7
2020/1/31,3.5,12.1,8.1
2020/2/1,3,13.4,7.9
2020/2/2,5,13.8,8.7
2020/2/3,5.3,15.2,9.3
2020/2/4,4.8,11.4,7.9
2020/2/5,2.4,15.2,7.6
2020/2/6,-0.4,6.9,2.9
2020/2/7,-2.1,6.9,2.4
2020/2/8,0.7,12.7,6.2
2020/2/9,1.2,8.3,3.9
2020/2/10,-0.2,10.1,4.6
2020/2/11,1.1,11.7,6.3
2020/2/12,1.9,16,8.7
2020/2/13,7.8,18.2,11.7
2020/2/14,8.5,16,12
2020/2/15,7.6,16.2,12.4
2020/2/16,7.8,11.8,9.3
2020/2/17,5.8,16.8,10.3
2020/2/18,2.8,12.5,7.6
2020/2/19,3.6,13.3,8.1
2020/2/20,4.7,13.1,9
2020/2/21,5.4,14.2,10
2020/2/22,6.4,18.2,12.5
2020/2/23,5.4,16,10.4
2020/2/24,4.6,15.4,9.8
2020/2/25,6.2,14.4,10.5
2020/2/26,7,9.4,8.1
2020/2/27,3.6,11.9,7
2020/2/28,1.9,12.4,7
2020/2/29,5.4,14.4,9.4
2020/3/1,6.6,17.9,12
2020/3/2,5.8,11.2,7.3
2020/3/3,5.3,17.8,11.3
2020/3/4,7.9,10.9,8.9
2020/3/5,6.1,13.7,9.2
2020/3/6,5.4,15.1,9.4
2020/3/7,5.2,10.4,7.3
2020/3/8,5.6,8.9,7.2
2020/3/9,7.6,19.6,13.1
2020/3/10,12.6,18.2,14.7
2020/3/11,9.8,21.4,15.3
2020/3/12,7,16.7,11.4
2020/3/13,6.8,18.7,12.5
2020/3/14,1.3,12.3,5.5
2020/3/15,1.8,12,7.1
2020/3/16,3.6,14.4,7.1
2020/3/17,2.3,12.7,7.7
2020/3/18,4.8,18.4,11.9
2020/3/19,6.5,22,14.6
2020/3/20,9.5,19.4,14.5
2020/3/21,7.6,21,13.8
2020/3/22,10.5,23.7,16.8
2020/3/23,7.7,14,10.3
2020/3/24,4.7,12.6,8.2
2020/3/25,3.4,16,10
2020/3/26,7.5,20,13
2020/3/27,9.1,22.8,16.2
2020/3/28,7.4,24.6,15.5
2020/3/29,0.7,7.7,3.6
2020/3/30,3.5,10.3,7.6
2020/3/31,8.2,12.5,9.8
2020/4/1,9.3,12.9,11.4
2020/4/2,9,19.4,13.9
2020/4/3,6.4,18.2,12.8
2020/4/4,8.6,22.3,15.7
2020/4/5,5.6,15.9,10.2
2020/4/6,6.3,18.4,12.1
2020/4/7,7.9,18,12.4
2020/4/8,7.9,20.2,14.3
2020/4/9,8,20.2,13.3
2020/4/10,7.4,17.2,11.2
2020/4/11,6.8,17,11.4
2020/4/12,7.4,14.6,10.3
2020/4/13,5.4,10.1,8
2020/4/14,5.5,17.2,10.9
2020/4/15,5.5,20.8,13.8
2020/4/16,8.6,16.3,11.7
2020/4/17,8.3,17.8,12.4
2020/4/18,9.8,16.2,12.9
2020/4/19,9,22.5,14.7
2020/4/20,8.3,10.7,9.7
2020/4/21,9,18.9,14.2
2020/4/22,8.8,19.2,13.5
2020/4/23,6.6,17,11.9
2020/4/24,6.9,18.4,12.2
2020/4/25,5.3,18.8,12.7
2020/4/26,11.5,24.2,18.3
2020/4/27,8.5,17.8,12.8
2020/4/28,8,19.1,12.3
2020/4/29,8.9,21.7,15.1
2020/4/30,11.7,23.9,18
2020/5/1,16.2,25.5,19.9
2020/5/2,15.3,26.9,20.6
2020/5/3,16.5,25.8,20.7
2020/5/4,17.3,22.2,19.3
2020/5/5,16.4,28.4,21.3
2020/5/6,14.6,17.3,15.8
2020/5/7,11,22.5,16.5
2020/5/8,11.1,22.1,16.7
2020/5/9,13.9,23,18.3
2020/5/10,17.7,25.7,21.5
2020/5/11,20.2,28.1,22.9
2020/5/12,19.1,26.5,21.7
2020/5/13,16.8,28.7,22.3
2020/5/14,13.8,26.2,20.8
2020/5/15,15.2,26.5,21.5
2020/5/16,16.4,21.7,18.5
2020/5/17,15.8,28.2,21.6
2020/5/18,18.7,20.1,19.2
2020/5/19,13.4,19.2,17.7
2020/5/20,10.9,15.4,12.7
2020/5/21,10.7,14.8,12.7
2020/5/22,12.8,18.1,15.3
2020/5/23,15.3,23.7,18.4
2020/5/24,15.8,26.5,20.8
2020/5/25,18.1,26.5,21.6
2020/5/26,18.6,24.3,20.9
2020/5/27,18.4,26.6,21.4
2020/5/28,12.9,25.2,19.4
2020/5/29,14.1,27.4,20.7
2020/5/30,17.4,27.9,22
2020/5/31,18.8,24.5,21.3
2020/6/1,18.5,21.2,19.6
2020/6/2,18.9,26.6,22.3
2020/6/3,20.9,28.5,24
2020/6/4,20.6,27.6,23.5
2020/6/5,20,29.9,24.8
2020/6/6,18.8,28.4,24.2
2020/6/7,17.4,27.2,22
2020/6/8,19.7,28.3,23.2
2020/6/9,20.4,31,25.5
2020/6/10,21.8,31.4,26.2
2020/6/11,22.7,30.5,25.1
2020/6/12,22.9,31.6,26.2
2020/6/13,19.1,24.3,21.3
2020/6/14,19.9,24,21.7
2020/6/15,21,32.6,25.9
2020/6/16,21.8,30.5,25.5
2020/6/17,19.3,28.8,23.6
2020/6/18,19.6,25.5,22.1
2020/6/19,18,19.8,18.7
2020/6/20,17.1,28.7,22.9
2020/6/21,17.9,26.5,21.9
2020/6/22,17.6,21,19.2
2020/6/23,18,27.2,22.3
2020/6/24,19.3,26.8,22.5
2020/6/25,17.9,23.3,20.2
2020/6/26,19.7,30.9,24.7
2020/6/27,22.2,29.3,25.5
2020/6/28,20.5,24.9,22.2
2020/6/29,20.1,29.8,24.9
2020/6/30,22.2,27.7,24.6
2020/7/1,22.7,26.7,25.1
2020/7/2,21.7,30.8,25.9
2020/7/3,20.3,28.7,23.8
2020/7/4,20,27.7,23.8
2020/7/5,23.2,28.1,24.9
2020/7/6,22.8,26.9,24.8
2020/7/7,25.1,29.3,27.2
2020/7/8,23.6,28.5,26
2020/7/9,22.3,26.1,23.7
2020/7/10,22.7,28.1,25.3
2020/7/11,24.8,31.2,27.5
2020/7/12,19.9,32.5,26
2020/7/13,18.7,25.2,21
2020/7/14,20.6,23.7,22.3
2020/7/15,17.7,22,20.4
2020/7/16,17.4,24.6,20.7
2020/7/17,18.1,20.6,19.3
2020/7/18,19.2,22,20.4
2020/7/19,21.4,29.3,24.3
2020/7/20,23.1,31.9,26.9
2020/7/21,22.5,29,25.5
2020/7/22,24.9,29.9,26.6
2020/7/23,22.1,26,23.2
2020/7/24,21.6,27.2,24.5
2020/7/25,23.7,27.4,25.1
2020/7/26,23.5,31.2,25.6
2020/7/27,23.9,30.7,26.3
2020/7/28,23.9,31,26.7
2020/7/29,21.3,25.6,22.9
2020/7/30,20.4,26.5,23.2
2020/7/31,22.4,29.6,24.8
2020/8/1,21.8,31.8,26.1
2020/8/2,22.6,31.5,26.3
2020/8/3,22.3,32.3,27.2
2020/8/4,24.5,33.1,28.3
2020/8/5,25.7,34.2,29.1
2020/8/6,25.5,33.1,28.5
2020/8/7,26,35.4,29.5
2020/8/8,25.1,32.3,28.1
2020/8/9,23.4,34.7,28.7
2020/8/10,26.9,35.2,30.5
2020/8/11,27,37.3,31.7
2020/8/12,27.3,35.8,30
2020/8/13,25.4,36.1,29.4
2020/8/14,24.9,34.2,29.4
2020/8/15,26.9,36.1,31
2020/8/16,28,35.4,31.2
2020/8/17,27.2,36.5,30.8
2020/8/18,27.8,34.3,30.3
2020/8/19,25.6,34.2,29
2020/8/20,25.8,34.8,29.7
2020/8/21,26,36,30.1
2020/8/22,24,35.2,29.3
2020/8/23,23.2,29.4,25.6
2020/8/24,23,32.3,27.2
2020/8/25,24.8,32.2,27.8
2020/8/26,24.3,34,28.8
2020/8/27,26.3,33.6,29.3
2020/8/28,27,34.5,30.2
2020/8/29,26.9,35,30.3
2020/8/30,26.6,34.9,30
2020/8/31,22.7,32.6,27.5
2020/9/1,21.9,27.4,24.9
2020/9/2,24,32.1,26.8
2020/9/3,26.4,32.7,28.4
2020/9/4,25.1,35.1,29.3
2020/9/5,25.3,34.2,28.6
2020/9/6,22.5,29.5,25.7
2020/9/7,24.2,31.2,26.7
2020/9/8,26.9,34.2,29.5
2020/9/9,25.2,33.6,29
2020/9/10,25.2,31.7,27.7
2020/9/11,24.9,32.5,28.3
2020/9/12,22,27.7,23.7
2020/9/13,20,27.8,23.3
2020/9/14,20.9,27.2,23.4
2020/9/15,20.9,27.7,23.8
2020/9/16,21.2,28.1,24
2020/9/17,22.1,28.4,24.9
2020/9/18,26.4,33.4,29
2020/9/19,22.6,27.1,24.7
2020/9/20,20.8,23.7,22.2
2020/9/21,19.7,26.1,22
2020/9/22,19.1,27.7,22.5
2020/9/23,18.6,22.7,20.2
2020/9/24,17.9,22.2,19
2020/9/25,17.8,20.8,19.4
2020/9/26,17.8,20,18.5
2020/9/27,17.6,23.5,19.7
2020/9/28,16,27.4,21.5
2020/9/29,16.7,23.1,19.7
2020/9/30,14.7,25.4,20
2020/10/1,17.1,24.3,19.5
2020/10/2,16.2,26.7,21
2020/10/3,18.4,26.3,21.7
2020/10/4,19.5,26.2,22
2020/10/5,20.1,24.8,21.7
2020/10/6,17.9,24.8,21
2020/10/7,14.6,23.9,18.3
2020/10/8,13.8,15.5,14.7
2020/10/9,13.8,15.4,14.5
2020/10/10,13.8,17.1,16
2020/10/11,17,23.3,19.8
2020/10/12,18.6,25.1,21.5
2020/10/13,19,26.7,22.1
2020/10/14,18.4,23.2,20.3
2020/10/15,14.7,19.7,16.8
2020/10/16,13.9,19.5,16.1
2020/10/17,11.5,16,12.7
2020/10/18,11.3,19.8,14.3
2020/10/19,11.2,17.1,13.1
2020/10/20,10.5,21,15.6
2020/10/21,11.9,21.6,16
2020/10/22,14.2,22.1,17.4
2020/10/23,14.3,17.9,16.8
2020/10/24,12.7,21.2,17.3
2020/10/25,11.4,21.3,15.5
2020/10/26,10.7,22.9,16.2
2020/10/27,13.3,20.8,16.7
2020/10/28,13.1,20.2,16.6
2020/10/29,13,22.8,17.3
2020/10/30,11.1,18.5,14.9
2020/10/31,9.2,19.2,13.8
2020/11/1,9,19.9,14.3
2020/11/2,11.6,23.6,15.6
2020/11/3,12.8,17.1,14.8
2020/11/4,9.8,18.6,13.7
2020/11/5,9.1,19.4,13.4
2020/11/6,10.6,16.2,12.8
2020/11/7,11.5,20.6,15.5
2020/11/8,13.5,22.4,17.3
2020/11/9,10.5,18.3,13.5
2020/11/10,8.6,16.9,11.9
2020/11/11,8.3,16.9,11.9
2020/11/12,6.2,13.1,10.2
2020/11/13,9.7,19,13.7
2020/11/14,10.4,20.3,14.7
2020/11/15,7.5,18.6,13.4
2020/11/16,9.1,21.4,14.7
2020/11/17,10.8,20.7,15.2
2020/11/18,10.3,21.4,15.8
2020/11/19,13.2,24.9,19.1
2020/11/20,18.5,23.9,21.9
2020/11/21,11.1,20.2,16.6
2020/11/22,8.5,19.3,15
2020/11/23,11.4,20.9,15.5
2020/11/24,10.1,13.3,11.8
2020/11/25,9.2,12.1,10.5
2020/11/26,9.2,18.6,12.8
2020/11/27,10.2,13.2,11.6
2020/11/28,8.8,17.3,11.8
2020/11/29,7.5,13.7,10.1
2020/11/30,5.2,14.9,9.9
2020/12/1,5.6,14.9,10.2
2020/12/2,7,10.2,8.2
2020/12/3,6.7,10.6,8.1
2020/12/4,5.5,13.9,9.2
2020/12/5,4.4,7.7,6.6
2020/12/6,4.4,13.5,8.2
2020/12/7,4.7,16.1,9.7
2020/12/8,5.8,17.2,11.4
2020/12/9,7.9,12.2,9.8
2020/12/10,6.9,12.2,9.3
2020/12/11,5.3,14.4,10.2
2020/12/12,8.3,15,11.4
2020/12/13,5.9,15.4,9.9
2020/12/14,5.5,13.1,8.5
2020/12/15,2,11.3,6.1
2020/12/16,0.5,9.6,4.6
2020/12/17,-0.1,9.4,4.3
2020/12/18,0.5,11.6,6.1
2020/12/19,1.6,9.4,5.8
2020/12/20,-0.6,9.4,4.4
2020/12/21,0.1,11.2,5.3
2020/12/22,0.5,11.7,5.6
2020/12/23,1.2,14.1,7.7
2020/12/24,2.6,12.9,8
2020/12/25,4.7,14,8.7
2020/12/26,1.5,11.8,6.4
2020/12/27,3.4,12.7,7.8
2020/12/28,6.2,13.5,8.5
2020/12/29,4.3,13.1,8.7
2020/12/30,2.7,12.3,6.9
2020/12/31,-0.2,7.6,3.4